signal_date,entry_date,exit_date,direction,entry_price,stop_loss,target,exit_price,raw_exit_price,exit_reason,holding_days,gross_pnl_pct,transaction_cost_pct,net_pnl_pct,pnl_pct,symbol,exchange,company_name
2024-10-01,2024-10-03,2024-10-03,LONG,138.46919389343262,135.0074640460968,145.39265358810425,134.93996031407377,135.0074640460968,STOP_LOSS,1,-2.5487499999999863,0.15,-2.698749999999986,-2.698749999999986,ZEEL.NS,NSE,Zee Entertainment Enterprises Limited
2024-09-30,2024-10-01,2024-10-04,SHORT,16.39179961872101,16.80159460918903,15.572209637784958,15.579995742603849,15.572209637784958,TARGET,3,4.952500000000015,0.15,4.802500000000014,4.802500000000014,CUPID.BO,BSE,Cupid
2024-09-30,2024-10-01,2024-10-04,LONG,7.439717870235443,7.253724923479557,7.811703763747215,7.807797911865342,7.811703763747215,TARGET,3,4.947500000000013,0.15,4.797500000000013,4.797500000000013,SHUKRAPHAR.BO,BSE,Shukra Pharmaceuticals
2024-10-01,2024-10-03,2024-10-04,LONG,138.11902805328367,134.66605235195158,145.02497945594786,134.59871932577562,134.66605235195158,STOP_LOSS,2,-2.548749999999989,0.15,-2.698749999999989,-2.698749999999989,ZEEL.BO,BSE,Zee Entertainment
2024-10-01,2024-10-03,2024-10-07,SHORT,16.01798606967926,16.41843572142124,15.217086766195296,16.42664493928195,16.41843572142124,STOP_LOSS,3,-2.5512499999999827,0.15,-2.7012499999999826,-2.7012499999999826,CUPID.NS,NSE,Cupid Limited
2024-10-01,2024-10-03,2024-10-07,LONG,260.18001278686523,253.67551246719358,273.18901342620853,253.54867471096,253.67551246719358,STOP_LOSS,3,-2.5487500000000023,0.15,-2.698750000000002,-2.698750000000002,EPL.BO,BSE,EPL
2024-10-07,2024-10-08,2024-10-08,SHORT,480.009875,492.010121875,456.00938125,492.25612693593746,492.010121875,STOP_LOSS,1,-2.5512499999999867,0.15,-2.7012499999999866,-2.7012499999999866,COALINDIA.BO,BSE,Coal India
2024-10-07,2024-10-08,2024-10-08,SHORT,334.83250000000004,343.20331250000004,318.09087500000004,343.37491415625004,343.20331250000004,STOP_LOSS,1,-2.551250000000001,0.15,-2.701250000000001,-2.701250000000001,JIOFIN.BO,BSE,Jio Financial Services
2024-10-07,2024-10-08,2024-10-08,SHORT,334.582625,342.94719062499996,317.85349375,343.11866422031244,342.94719062499996,STOP_LOSS,1,-2.5512499999999796,0.15,-2.7012499999999795,-2.7012499999999795,JIOFIN.NS,NSE,Jio Financial Services Limited
2024-10-07,2024-10-08,2024-10-08,SHORT,125.98697805023194,129.13665250148773,119.68762914772034,129.20122082773847,129.13665250148773,STOP_LOSS,1,-2.551249999999988,0.15,-2.701249999999988,-2.701249999999988,ZEEL.BO,BSE,Zee Entertainment
2024-10-07,2024-10-08,2024-10-08,SHORT,125.98697805023194,129.13665250148773,119.68762914772034,129.20122082773847,129.13665250148773,STOP_LOSS,1,-2.551249999999988,0.15,-2.701249999999988,-2.701249999999988,ZEEL.NS,NSE,Zee Entertainment Enterprises Limited
2024-10-07,2024-10-08,2024-10-09,SHORT,744.0777872009278,762.679731880951,706.8738978408813,763.0610717468913,762.679731880951,STOP_LOSS,2,-2.551249999999985,0.15,-2.701249999999985,-2.701249999999985,ICICIPRULI.BO,BSE,ICICI Prudential Life Insurance
2024-10-24,2024-10-25,2024-10-25,LONG,440.2700127868652,429.26326246719356,462.2835134262085,462.0523716694954,462.2835134262085,TARGET,1,4.947500000000011,0.15,4.797500000000011,4.797500000000011,ASTERDM.BO,BSE,Aster DM Quality Care
2024-10-23,2024-10-24,2024-10-31,SHORT,1871.114023803711,1917.8918743988036,1777.5583226135254,1778.4471017748322,1777.5583226135254,TARGET,6,4.952500000000002,0.15,4.802500000000002,4.802500000000002,500209.BO,BSE,Infosys
2024-10-24,2024-10-25,2024-11-04,LONG,877.9387499999999,855.99028125,921.8356875,855.562286109375,855.99028125,STOP_LOSS,7,-2.5487499999999894,0.15,-2.6987499999999893,-2.6987499999999893,HDFCBANK.NS,NSE,HDFC Bank Limited
2024-11-05,2024-11-06,2024-11-06,LONG,220.6602780532837,215.1437711019516,231.69329195594787,215.03619921640063,215.1437711019516,STOP_LOSS,1,-2.5487499999999956,0.15,-2.6987499999999955,-2.6987499999999955,VIYASH.BO,BSE,Viyash Scientific
2024-11-05,2024-11-06,2024-11-07,LONG,17.444718824386594,17.00860085377693,18.316954765605924,17.00009655335004,17.00860085377693,STOP_LOSS,2,-2.5487500000000036,0.15,-2.6987500000000035,-2.6987500000000035,CUPID.NS,NSE,Cupid Limited
2024-11-06,2024-11-07,2024-11-08,LONG,81.0238214378357,78.9982259018898,85.07501250972749,78.95872678893886,78.9982259018898,STOP_LOSS,2,-2.548749999999993,0.15,-2.698749999999993,-2.698749999999993,NMDC.BO,BSE,NMDC
2024-11-06,2024-11-07,2024-11-08,LONG,80.70699745559692,78.689322519207,84.74234732837677,78.64997785794739,78.689322519207,STOP_LOSS,2,-2.5487500000000023,0.15,-2.698750000000002,-2.698750000000002,NMDC.NS,NSE,NMDC Limited
2024-11-06,2024-11-07,2024-11-13,SHORT,724.0877872009278,742.1899818809509,687.8833978408813,688.2273395398017,687.8833978408813,TARGET,5,4.952500000000013,0.15,4.802500000000013,4.802500000000013,ICICIPRULI.BO,BSE,ICICI Prudential Life Insurance
2024-11-12,2024-11-13,2024-11-13,SHORT,199.9,204.89749999999998,189.905,189.99995249999998,189.905,TARGET,1,4.952500000000014,0.15,4.8025000000000135,4.8025000000000135,INOXWIND.BO,BSE,Inox Wind
2024-11-12,2024-11-13,2024-11-13,SHORT,199.9,204.89749999999998,189.905,189.99995249999998,189.905,TARGET,1,4.952500000000014,0.15,4.8025000000000135,4.8025000000000135,INOXWIND.NS,NSE,Inox Wind Limited
2024-11-12,2024-11-13,2024-11-13,LONG,751.1753877868651,732.3960030921935,788.7341571762084,732.0298050906474,732.3960030921935,STOP_LOSS,1,-2.5487500000000005,0.15,-2.6987500000000004,-2.6987500000000004,JSWENERGY.BO,BSE,JSW Energy
2024-11-13,2024-11-14,2024-11-14,SHORT,76.9615,78.8855375,73.11342499999999,78.92498026874999,78.8855375,STOP_LOSS,1,-2.5512499999999867,0.15,-2.7012499999999866,-2.7012499999999866,IDBI.NS,NSE,IDBI Bank Limited
2024-11-14,2024-11-18,2024-11-18,SHORT,656.6715,673.0882875,623.837925,673.4248316437499,673.0882875,STOP_LOSS,1,-2.551249999999985,0.15,-2.701249999999985,-2.701249999999985,KALYANKJIL.BO,BSE,Kalyan Jewellers
2024-11-14,2024-11-18,2024-11-18,SHORT,50.53472137260437,51.79808940691948,48.00798530397415,51.82398845162294,51.79808940691948,STOP_LOSS,1,-2.5512499999999916,0.15,-2.7012499999999915,-2.7012499999999915,MAHABANK.BO,BSE,Bank of Maharashtra
2024-11-14,2024-11-18,2024-11-18,SHORT,50.47475,51.73661875,47.9510125,51.762487059375,51.73661875,STOP_LOSS,1,-2.5512499999999947,0.15,-2.7012499999999946,-2.7012499999999946,MAHABANK.NS,NSE,Bank of Maharashtra
2024-11-13,2024-11-14,2024-11-21,SHORT,98.9505,101.4242625,94.002975,94.0499764875,94.002975,TARGET,4,4.9525000000000015,0.15,4.802500000000001,4.802500000000001,CANBK.NS,NSE,Canara Bank
2024-11-21,2024-11-22,2024-11-22,SHORT,97.05144847488404,99.47773468675614,92.19887605113983,99.52747355409952,99.47773468675614,STOP_LOSS,1,-2.551249999999996,0.15,-2.701249999999996,-2.701249999999996,PNB.NS,NSE,Punjab National Bank
2024-11-18,2024-11-19,2024-11-25,SHORT,193.60314694976807,198.44322562351226,183.92298960227967,198.542447236324,198.44322562351226,STOP_LOSS,4,-2.5512499999999805,0.15,-2.7012499999999804,-2.7012499999999804,CGCL.BO,BSE,Capri Global Capital
2024-11-22,2024-11-25,2024-11-26,LONG,33.93695816802978,33.088534213829035,35.63380607643127,35.615989173393054,35.63380607643127,TARGET,2,4.947499999999992,0.15,4.797499999999991,4.797499999999991,TFCILTD.BO,BSE,Tourism Finance Corporation of India
2024-11-22,2024-11-25,2024-11-27,LONG,157.72881889343262,153.7855984210968,165.61525983810427,165.53245220818522,165.61525983810427,TARGET,3,4.947500000000015,0.15,4.7975000000000145,4.7975000000000145,SAMMAANCAP.BO,BSE,Sammaan Capital
2024-11-26,2024-11-27,2024-11-28,SHORT,659.420125,675.9056281249999,626.4491187499999,676.2435809390623,675.9056281249999,STOP_LOSS,2,-2.551249999999976,0.15,-2.701249999999976,-2.701249999999976,JSWENERGY.BO,BSE,JSW Energy
2024-11-14,2024-11-18,2024-11-28,SHORT,76.78158969497682,78.70112943735123,72.94251021022797,78.7404800020699,78.70112943735123,STOP_LOSS,8,-2.5512499999999863,0.15,-2.701249999999986,-2.701249999999986,MOREPENLAB.NS,NSE,Morepen Laboratories Limited
2024-11-27,2024-11-28,2024-11-29,LONG,481.3905688934326,469.3558046710968,505.4600973381043,505.20736728943524,505.4600973381043,TARGET,2,4.947500000000013,0.15,4.797500000000013,4.797500000000013,ASTERDM.BO,BSE,Aster DM Quality Care
2024-12-03,2024-12-04,2024-12-04,LONG,289.04444389343263,281.8183327960968,303.4966660881043,281.67742362969875,281.8183327960968,STOP_LOSS,1,-2.5487500000000045,0.15,-2.6987500000000044,-2.6987500000000044,EPL.BO,BSE,EPL
2024-11-27,2024-11-28,2024-12-05,LONG,211.3055969467163,206.02295702304838,221.87087679405212,205.91994554453686,206.02295702304838,STOP_LOSS,6,-2.548750000000001,0.15,-2.698750000000001,-2.698750000000001,CGCL.BO,BSE,Capri Global Capital
2024-11-28,2024-11-29,2024-12-05,LONG,56.85841683197021,55.436956411170954,59.70133767356872,59.671487004731944,59.70133767356872,TARGET,5,4.947500000000013,0.15,4.797500000000013,4.797500000000013,MAHABANK.BO,BSE,Bank of Maharashtra
2024-11-25,2024-11-26,2024-12-10,LONG,35.41770152664184,34.532258988475796,37.188586602973935,34.51499285898156,34.532258988475796,STOP_LOSS,11,-2.5487500000000027,0.15,-2.6987500000000026,-2.6987500000000026,TFCILTD.NS,NSE,Tourism Finance Corporation of India Limited
2024-12-04,2024-12-05,2024-12-12,LONG,86.71333316802978,84.54549983882903,91.04899982643127,91.00347532651806,91.04899982643127,TARGET,6,4.947500000000008,0.15,4.797500000000007,4.797500000000007,MOREPENLAB.NS,NSE,Morepen Laboratories Limited
2024-12-03,2024-12-04,2024-12-13,LONG,79.00615050888061,77.03099674615859,82.95645803432464,76.99248124778552,77.03099674615859,STOP_LOSS,8,-2.5487499999999925,0.15,-2.6987499999999924,-2.6987499999999924,NMDC.BO,BSE,NMDC
2024-12-03,2024-12-04,2024-12-13,LONG,78.88942347335815,76.91718788652419,82.83389464702606,76.87872929258093,76.91718788652419,STOP_LOSS,8,-2.548750000000007,0.15,-2.698750000000007,-2.698750000000007,NMDC.NS,NSE,NMDC Limited
2024-12-12,2024-12-13,2024-12-13,SHORT,182.80854389953615,187.37875749702454,173.66811670455934,187.47244687577304,187.37875749702454,STOP_LOSS,1,-2.55124999999999,0.15,-2.7012499999999897,-2.7012499999999897,VIYASH.BO,BSE,Viyash Scientific
2024-12-03,2024-12-04,2024-12-16,LONG,79.04950713729858,77.07326945886611,83.00198249416351,82.96048150291644,83.00198249416351,TARGET,9,4.9475000000000176,0.15,4.797500000000017,4.797500000000017,LLOYDSENGG.BO,BSE,Lloyds Engineering Works
2024-12-17,2024-12-18,2024-12-20,SHORT,121.2993206100464,124.33180362529754,115.23435457954407,115.29197175683385,115.23435457954407,TARGET,3,4.952500000000001,0.15,4.8025,4.8025,HFCL.NS,NSE,HFCL Limited
2024-12-18,2024-12-19,2024-12-20,SHORT,185.00745610046388,189.63264250297547,175.75708329544068,189.72745882422694,189.63264250297547,STOP_LOSS,2,-2.5512499999999863,0.15,-2.701249999999986,-2.701249999999986,INOXWIND.NS,NSE,Inox Wind Limited
2024-12-20,2024-12-23,2024-12-23,SHORT,108.62066555023193,111.33618218898772,103.18963227272033,111.39185028008221,111.33618218898772,STOP_LOSS,1,-2.551249999999985,0.15,-2.701249999999985,-2.701249999999985,ASHOKLEY.NS,NSE,Ashok Leyland Limited
2024-12-20,2024-12-23,2024-12-24,SHORT,272.56366220092775,279.37775375595095,258.93547909088136,279.51744263282893,279.37775375595095,STOP_LOSS,2,-2.551250000000004,0.15,-2.701250000000004,-2.701250000000004,HINDCOPPER.BO,BSE,Hindustan Copper
2024-12-20,2024-12-23,2024-12-24,SHORT,271.5141688995362,278.30202312202454,257.93846045455933,278.44117413358555,278.30202312202454,STOP_LOSS,2,-2.551249999999985,0.15,-2.701249999999985,-2.701249999999985,HINDCOPPER.NS,NSE,Hindustan Copper Limited
2024-12-23,2024-12-24,2024-12-26,SHORT,33.55321469497681,34.39204506235123,31.87555396022797,34.4092410848824,34.39204506235123,STOP_LOSS,2,-2.5512499999999947,0.15,-2.7012499999999946,-2.7012499999999946,UJJIVANSFB.BO,BSE,Ujjivan Small Finance Bank
2024-12-23,2024-12-24,2024-12-26,SHORT,33.483250000000005,34.32033125,31.809087500000004,34.337491415625,34.32033125,STOP_LOSS,2,-2.5512499999999925,0.15,-2.7012499999999924,-2.7012499999999924,UJJIVANSFB.NS,NSE,Ujjivan Small Finance Bank Limited
2024-12-18,2024-12-19,2024-12-30,SHORT,186.65662500000002,191.323040625,177.32379375000002,177.412455646875,177.32379375000002,TARGET,7,4.952500000000009,0.15,4.802500000000008,4.802500000000008,INOXWIND.BO,BSE,Inox Wind
2024-12-24,2024-12-26,2024-12-30,SHORT,648.5755744018555,664.7899637619018,616.1467956817627,665.1223587437828,664.7899637619018,STOP_LOSS,3,-2.551249999999988,0.15,-2.701249999999988,-2.701249999999988,JSWENERGY.BO,BSE,JSW Energy
2024-12-18,2024-12-19,2024-12-30,SHORT,447.27625,458.45815624999994,424.9124375,458.68738532812495,458.45815624999994,STOP_LOSS,7,-2.551249999999987,0.15,-2.701249999999987,-2.701249999999987,LICI.NS,NSE,Life Insurance Corporation Of India
2024-12-19,2024-12-20,2024-12-30,SHORT,71.63083079147339,73.42160156126022,68.04928925189971,68.08331389652565,68.04928925189971,TARGET,6,4.95250000000002,0.15,4.80250000000002,4.80250000000002,NMDC.BO,BSE,NMDC
2024-12-19,2024-12-20,2024-12-30,SHORT,71.46425,73.25085625,67.89103750000001,67.92498301875001,67.89103750000001,TARGET,6,4.952499999999993,0.15,4.802499999999992,4.802499999999992,NMDC.NS,NSE,NMDC Limited
2024-11-25,2024-11-26,2024-12-31,LONG,905.4525,882.8161875,950.725125,882.37477940625,882.8161875,STOP_LOSS,25,-2.5487499999999974,0.15,-2.6987499999999973,-2.6987499999999973,HDFCBANK.NS,NSE,HDFC Bank Limited
2024-12-26,2024-12-27,2025-01-01,SHORT,77.56119847488404,79.50022843675613,73.68313855113983,79.53997855097451,79.50022843675613,STOP_LOSS,4,-2.5512499999999925,0.15,-2.7012499999999924,-2.7012499999999924,MOREPENLAB.NS,NSE,Morepen Laboratories Limited
2025-01-01,2025-01-02,2025-01-03,LONG,777.5385994262695,758.1001344406127,816.415529397583,757.7210843733924,758.1001344406127,STOP_LOSS,2,-2.5487500000000036,0.15,-2.6987500000000035,-2.6987500000000035,KALYANKJIL.BO,BSE,Kalyan Jewellers
2024-12-23,2024-12-24,2025-01-03,SHORT,457.1213311004639,468.54936437797545,434.2652645454407,468.78363906016443,468.54936437797545,STOP_LOSS,8,-2.551249999999984,0.15,-2.701249999999984,-2.701249999999984,PFC.BO,BSE,Power Finance Corporation
2024-12-19,2024-12-20,2025-01-06,SHORT,143.17837500000002,146.75783437500002,136.01945625000002,136.087465978125,136.01945625000002,TARGET,10,4.952500000000004,0.15,4.802500000000004,4.802500000000004,500470.BO,BSE,Tata Steel
2025-01-03,2025-01-06,2025-01-06,LONG,117.0585,114.1320375,122.911425,114.07497148125,114.1320375,STOP_LOSS,1,-2.5487499999999934,0.15,-2.6987499999999933,-2.6987499999999933,ASHOKLEY.NS,NSE,Ashok Leyland Limited
2024-12-18,2024-12-19,2025-01-06,SHORT,77.46125,79.39778125,73.5881875,73.62498159375,73.5881875,TARGET,12,4.952500000000017,0.15,4.802500000000017,4.802500000000017,IDBI.NS,NSE,IDBI Bank Limited
2025-01-03,2025-01-06,2025-01-06,LONG,85.52274335861206,83.38467477464675,89.79888052654267,83.34298243725944,83.38467477464675,STOP_LOSS,1,-2.548749999999999,0.15,-2.698749999999999,-2.698749999999999,LLOYDSENGG.BO,BSE,Lloyds Engineering Works
2024-12-19,2024-12-20,2025-01-06,SHORT,142.81855438995362,146.38901824970245,135.67762667045594,135.74546548379115,135.67762667045594,TARGET,11,4.95250000000001,0.15,4.80250000000001,4.80250000000001,TATASTEEL.NS,NSE,Tata Steel Limited
2024-12-20,2024-12-23,2025-01-08,SHORT,79.1404103050232,81.11892056264877,75.18338978977204,75.22098148466692,75.18338978977204,TARGET,12,4.9525,0.15,4.802499999999999,4.802499999999999,GMRAIRPORT.NS,NSE,GMR AIRPORTS LIMITED
2025-01-07,2025-01-08,2025-01-09,SHORT,442.7785,453.8479625,420.639575,454.07488648124996,453.8479625,STOP_LOSS,2,-2.55124999999999,0.15,-2.7012499999999897,-2.7012499999999897,ITC.NS,NSE,ITC Limited
2024-12-20,2024-12-23,2025-01-09,SHORT,308.79553720092775,316.5154256309509,293.3557603408814,293.5024382210518,293.3557603408814,TARGET,13,4.952499999999996,0.15,4.802499999999996,4.802499999999996,JIOFIN.BO,BSE,Jio Financial Services
2024-12-20,2024-12-23,2025-01-09,SHORT,308.6455877990723,316.3617274940491,293.21330840911867,293.35991506332323,293.21330840911867,TARGET,13,4.952500000000006,0.15,4.8025000000000055,4.8025000000000055,JIOFIN.NS,NSE,Jio Financial Services Limited
2024-12-20,2024-12-23,2025-01-10,SHORT,78.80057633972169,80.77059074821472,74.8605475227356,74.89797779649696,74.8605475227356,TARGET,14,4.952500000000013,0.15,4.802500000000013,4.802500000000013,GMRAIRPORT.BO,BSE,GMR Airports
2025-01-09,2025-01-10,2025-01-10,SHORT,662.16875,678.72296875,629.0603125,629.3748426562499,629.0603125,TARGET,1,4.952500000000016,0.15,4.802500000000015,4.802500000000015,KALYANKJIL.BO,BSE,Kalyan Jewellers
2025-01-02,2025-01-03,2025-01-13,LONG,739.3694999999999,720.8852624999998,776.3379749999999,720.5248198687499,720.8852624999998,STOP_LOSS,6,-2.5487500000000023,0.15,-2.698750000000002,-2.698750000000002,500034.BO,BSE,Bajaj Finance
2025-01-09,2025-01-10,2025-01-13,SHORT,107.1414021949768,109.81993724985122,101.78433208522796,101.83522425127057,101.78433208522796,TARGET,2,4.952500000000005,0.15,4.802500000000005,4.802500000000005,ASHOKLEY.NS,NSE,Ashok Leyland Limited
2025-01-10,2025-01-13,2025-01-14,SHORT,60.07994561004639,61.58194425029754,57.07594832954406,61.612735222422685,61.58194425029754,STOP_LOSS,2,-2.551249999999983,0.15,-2.701249999999983,-2.701249999999983,IDFCFIRSTB.BO,BSE,IDFC First Bank
2025-01-13,2025-01-14,2025-01-14,SHORT,140.02995610046386,143.53070500297545,133.02845829544066,143.60247035547692,143.53070500297545,STOP_LOSS,1,-2.5512499999999836,0.15,-2.7012499999999835,-2.7012499999999835,SAMMAANCAP.BO,BSE,Sammaan Capital
2025-01-13,2025-01-14,2025-01-14,SHORT,83.208375,85.288584375,79.04795625,85.33122866718749,85.288584375,STOP_LOSS,1,-2.551249999999982,0.15,-2.7012499999999817,-2.7012499999999817,SBFC.BO,BSE,SBFC Finance
2025-01-13,2025-01-14,2025-01-14,SHORT,171.41425,175.69960625,162.8435375,175.78745605312497,175.69960625,STOP_LOSS,1,-2.5512499999999765,0.15,-2.7012499999999764,-2.7012499999999764,VIYASH.BO,BSE,Viyash Scientific
2025-01-13,2025-01-14,2025-01-14,SHORT,120.88952194976807,123.91175999851225,114.84504585227965,123.9737158785115,123.91175999851225,STOP_LOSS,1,-2.5512499999999783,0.15,-2.701249999999978,-2.701249999999978,ZEEL.BO,BSE,Zee Entertainment
2025-01-13,2025-01-14,2025-01-14,SHORT,120.13989694976807,123.14339437351227,114.13290210227966,123.20496607069902,123.14339437351227,STOP_LOSS,1,-2.5512499999999876,0.15,-2.7012499999999875,-2.7012499999999875,ZEEL.NS,NSE,Zee Entertainment Enterprises Limited
2025-01-10,2025-01-13,2025-01-16,SHORT,97.95100000000001,100.399775,93.05345,100.4499748875,100.399775,STOP_LOSS,4,-2.5512499999999974,0.15,-2.7012499999999973,-2.7012499999999973,PNB.NS,NSE,Punjab National Bank
2025-01-20,2025-01-21,2025-01-21,LONG,86.54325,84.37966875,90.8704125,84.337478915625,84.37966875,STOP_LOSS,1,-2.548750000000002,0.15,-2.6987500000000018,-2.6987500000000018,IDBI.NS,NSE,IDBI Bank Limited
2025-01-17,2025-01-21,2025-01-22,SHORT,1819.0900000000001,1864.56725,1728.1355,1865.499533625,1864.56725,STOP_LOSS,2,-2.5512499999999867,0.15,-2.7012499999999866,-2.7012499999999866,500209.BO,BSE,Infosys
2025-01-14,2025-01-15,2025-01-22,SHORT,31.044469466209414,31.820581202864645,29.49224599289894,29.50699211589539,29.49224599289894,TARGET,6,4.952500000000009,0.15,4.802500000000008,4.802500000000008,TFCILTD.BO,BSE,Tourism Finance Corporation of India
2025-01-14,2025-01-15,2025-01-22,SHORT,31.18240095424652,31.96196097810268,29.623280906534195,29.638092546987462,29.623280906534195,TARGET,6,4.9525000000000015,0.15,4.802500000000001,4.802500000000001,TFCILTD.NS,NSE,Tourism Finance Corporation of India Limited
2025-01-27,2025-01-28,2025-01-28,SHORT,144.177875,147.78232187499998,136.96898124999998,147.85621303593746,147.78232187499998,STOP_LOSS,1,-2.5512499999999707,0.15,-2.7012499999999706,-2.7012499999999706,SAMMAANCAP.BO,BSE,Sammaan Capital
2025-02-03,2025-02-04,2025-02-04,LONG,37.51875,36.580781249999994,39.394687499999996,36.562490859374996,36.580781249999994,STOP_LOSS,1,-2.548750000000002,0.15,-2.6987500000000018,-2.6987500000000018,UJJIVANSFB.BO,BSE,Ujjivan Small Finance Bank
2025-02-01,2025-02-03,2025-02-06,LONG,35.94796530532837,35.049266172695155,37.74536357059479,37.726490888809494,37.74536357059479,TARGET,4,4.947500000000016,0.15,4.797500000000015,4.797500000000015,UJJIVANSFB.NS,NSE,Ujjivan Small Finance Bank Limited
2025-02-12,2025-02-13,2025-02-13,SHORT,14.192899809360505,14.547722304594515,13.483254818892478,14.554996165746811,14.547722304594515,STOP_LOSS,1,-2.5512499999999756,0.15,-2.7012499999999755,-2.7012499999999755,CUPID.BO,BSE,Cupid
2025-02-12,2025-02-13,2025-02-13,SHORT,14.022984733104707,14.373559351432323,13.32183549644947,14.380746131108038,14.373559351432323,STOP_LOSS,1,-2.551249999999984,0.15,-2.701249999999984,-2.701249999999984,CUPID.NS,NSE,Cupid Limited
2025-02-10,2025-02-11,2025-02-17,SHORT,428.5855877990723,439.30022749404907,407.15630840911865,407.3598865633232,407.15630840911865,TARGET,5,4.952500000000014,0.15,4.8025000000000135,4.8025000000000135,ITC.NS,NSE,ITC Limited
2025-02-14,2025-02-17,2025-02-19,SHORT,71.56419847488404,73.35330343675614,67.98598855113983,73.38998008847452,73.35330343675614,STOP_LOSS,3,-2.55125,0.15,-2.70125,-2.70125,IDBI.NS,NSE,IDBI Bank Limited
2025-02-14,2025-02-17,2025-02-19,SHORT,412.74353720092773,423.0621256309509,392.10636034088134,423.2736566937663,423.0621256309509,STOP_LOSS,3,-2.551249999999982,0.15,-2.7012499999999817,-2.7012499999999817,VEDL.BO,BSE,Vedanta
2025-02-14,2025-02-17,2025-02-19,SHORT,413.1433311004639,423.47191437797545,392.4861645454407,423.68365033516443,423.47191437797545,STOP_LOSS,3,-2.5512499999999836,0.15,-2.7012499999999835,-2.7012499999999835,VEDL.NS,NSE,Vedanta Limited
2025-02-17,2025-02-18,2025-02-21,SHORT,32.0739551525116,32.875804031324385,30.47025739488602,32.892241933340046,32.875804031324385,STOP_LOSS,4,-2.551249999999975,0.15,-2.701249999999975,-2.701249999999975,UJJIVANSFB.BO,BSE,Ujjivan Small Finance Bank
2025-02-17,2025-02-18,2025-02-21,SHORT,32.13392652511597,32.93727468824386,30.527230198860167,32.95374332558798,32.93727468824386,STOP_LOSS,4,-2.5512499999999707,0.15,-2.7012499999999706,-2.7012499999999706,UJJIVANSFB.NS,NSE,Ujjivan Small Finance Bank Limited
2025-02-24,2025-02-25,2025-02-27,SHORT,218.79054389953615,224.26030749702454,207.85101670455933,207.9549422129116,207.85101670455933,TARGET,2,4.952500000000013,0.15,4.802500000000013,4.802500000000013,EPL.BO,BSE,EPL
2025-02-17,2025-02-18,2025-02-28,SHORT,103.89802194976807,106.49547249851226,98.70312085227965,98.75247241270579,98.70312085227965,TARGET,8,4.952500000000016,0.15,4.802500000000015,4.802500000000015,VMM.BO,BSE,Vishal Mega Mart
2025-02-17,2025-02-18,2025-02-28,SHORT,103.74810305023193,106.34180562648773,98.56069789772033,98.60997824666919,98.56069789772033,TARGET,8,4.9525000000000095,0.15,4.802500000000009,4.802500000000009,VMM.NS,NSE,Vishal Mega Mart Limited
2025-02-28,2025-03-03,2025-03-03,SHORT,152.72360305023193,156.5416931264877,145.08742289772033,145.15996660916917,145.08742289772033,TARGET,1,4.952500000000012,0.15,4.802500000000012,4.802500000000012,INOXWIND.BO,BSE,Inox Wind
2025-02-28,2025-03-03,2025-03-03,SHORT,151.32429389953614,155.10740124702454,143.75807920455932,143.8299582441616,143.75807920455932,TARGET,1,4.952500000000018,0.15,4.802500000000018,4.802500000000018,INOXWIND.NS,NSE,Inox Wind Limited
2025-03-03,2025-03-04,2025-03-05,LONG,25.712850763320922,25.0700294942379,26.99849330148697,25.05749447949078,25.0700294942379,STOP_LOSS,2,-2.548749999999996,0.15,-2.698749999999996,-2.698749999999996,SHUKRAPHAR.BO,BSE,Shukra Pharmaceuticals
2025-03-17,2025-03-18,2025-03-19,SHORT,82.60867652511597,84.67389343824387,78.47824269886017,84.71623038496298,84.67389343824387,STOP_LOSS,2,-2.551249999999994,0.15,-2.7012499999999937,-2.7012499999999937,SBFC.BO,BSE,SBFC Finance
2025-03-19,2025-03-20,2025-03-25,LONG,877.4385,855.5025374999999,921.310425,920.8497697875,921.310425,TARGET,4,4.947500000000004,0.15,4.797500000000004,4.797500000000004,HDFCBANK.NS,NSE,HDFC Bank Limited
2025-03-24,2025-03-25,2025-03-27,LONG,88.20408366394042,85.9989815723419,92.61428784713745,85.95598208155573,85.9989815723419,STOP_LOSS,3,-2.5487500000000116,0.15,-2.6987500000000115,-2.6987500000000115,SBFC.BO,BSE,SBFC Finance
2025-03-26,2025-03-27,2025-03-27,LONG,33.20659362602234,32.37642878537178,34.86692330732346,32.360240570979094,32.37642878537178,STOP_LOSS,1,-2.5487500000000023,0.15,-2.698750000000002,-2.698750000000002,TFCILTD.BO,BSE,Tourism Finance Corporation of India
2025-03-26,2025-03-27,2025-03-27,LONG,33.0165,32.1910875,34.667325000000005,32.174991956250004,32.1910875,STOP_LOSS,1,-2.54874999999999,0.15,-2.6987499999999898,-2.6987499999999898,TFCILTD.NS,NSE,Tourism Finance Corporation of India Limited
2025-03-26,2025-03-27,2025-03-28,SHORT,204.147875,209.25157187499997,193.94048124999998,209.35619766093745,209.25157187499997,STOP_LOSS,2,-2.551249999999978,0.15,-2.7012499999999777,-2.7012499999999777,ETERNAL.BO,BSE,Eternal
2025-04-04,2025-04-07,2025-04-07,SHORT,183.72809732055666,188.32129975357057,174.54169245452883,188.41546040344736,188.32129975357057,STOP_LOSS,1,-2.551249999999998,0.15,-2.7012499999999977,-2.7012499999999977,HINDCOPPER.NS,NSE,Hindustan Copper Limited
2025-04-04,2025-04-07,2025-04-07,SHORT,71.66414694976807,73.45575062351226,68.08093960227966,73.49247849882401,73.45575062351226,STOP_LOSS,1,-2.5512499999999836,0.15,-2.7012499999999835,-2.7012499999999835,MOTHERSON.BO,BSE,Samvardhana Motherson International
2025-04-04,2025-04-07,2025-04-07,SHORT,73.30332633972168,75.13590949821472,69.63816002273559,75.17347745296382,75.13590949821472,STOP_LOSS,1,-2.5512499999999934,0.15,-2.7012499999999933,-2.7012499999999933,MOTHERSON.NS,NSE,Samvardhana Motherson International Limited
2025-03-20,2025-03-21,2025-04-07,LONG,114.05699999999999,111.20557499999998,119.75984999999999,111.14997221249999,111.20557499999998,STOP_LOSS,11,-2.548749999999999,0.15,-2.698749999999999,-2.698749999999999,SAIL.NS,NSE,Steel Authority of India Limited
2025-04-07,2025-04-08,2025-04-08,SHORT,164.86752194976808,168.98920999851225,156.62414585227967,156.7024579252058,156.62414585227967,TARGET,1,4.952500000000003,0.15,4.802500000000003,4.802500000000003,CGCL.BO,BSE,Capri Global Capital
2025-04-07,2025-04-08,2025-04-08,SHORT,541.6290744018555,555.1698012619019,514.5476206817627,555.4473861625328,555.1698012619019,STOP_LOSS,1,-2.551249999999986,0.15,-2.7012499999999857,-2.7012499999999857,ICICIPRULI.BO,BSE,ICICI Prudential Life Insurance
2025-04-07,2025-04-08,2025-04-08,SHORT,389.00541220092776,398.73054750595094,369.55514159088136,369.73991916167677,369.55514159088136,TARGET,1,4.952500000000013,0.15,4.802500000000013,4.802500000000013,VEDL.BO,BSE,Vedanta
2025-04-08,2025-04-09,2025-04-09,SHORT,191.10439694976807,195.88200687351227,181.54917710227966,195.979947876949,195.88200687351227,STOP_LOSS,1,-2.55124999999999,0.15,-2.7012499999999897,-2.7012499999999897,HINDCOPPER.BO,BSE,Hindustan Copper
2025-04-07,2025-04-08,2025-04-11,SHORT,1177.2610505981445,1206.692576863098,1118.3979980682373,1207.2959231515297,1206.692576863098,STOP_LOSS,3,-2.5512500000000022,0.15,-2.701250000000002,-2.701250000000002,500325.BO,BSE,Reliance Industries
2025-04-08,2025-04-09,2025-04-11,SHORT,61.47924332237244,63.01622440543174,58.405281156253814,63.04773251763446,63.01622440543174,STOP_LOSS,2,-2.551249999999985,0.15,-2.701249999999985,-2.701249999999985,NMDC.BO,BSE,NMDC
2025-04-08,2025-04-09,2025-04-11,SHORT,61.53921469497681,63.077695062351225,58.46225396022797,63.1092339098824,63.077695062351225,STOP_LOSS,2,-2.5512499999999823,0.15,-2.701249999999982,-2.701249999999982,NMDC.NS,NSE,NMDC Limited
2025-04-07,2025-04-08,2025-04-15,SHORT,387.2562872009278,396.9376943809509,367.8934728408814,397.13616322814136,396.9376943809509,STOP_LOSS,4,-2.551249999999978,0.15,-2.7012499999999777,-2.7012499999999777,VEDL.NS,NSE,Vedanta Limited
2025-04-17,2025-04-21,2025-04-21,LONG,14.96948089313507,14.595243870806694,15.717954937791825,14.587946248871292,14.595243870806694,STOP_LOSS,1,-2.54874999999999,0.15,-2.6987499999999898,-2.6987499999999898,CUPID.BO,BSE,Cupid
2025-04-17,2025-04-21,2025-04-21,LONG,15.195593725204468,14.815703882074356,15.955373411464691,14.80829603013332,14.815703882074356,STOP_LOSS,1,-2.548749999999991,0.15,-2.698749999999991,-2.698749999999991,CUPID.NS,NSE,Cupid Limited
2025-04-17,2025-04-21,2025-04-23,LONG,109.77486122131347,107.03048969078063,115.26360428237915,115.20597248023796,115.26360428237915,TARGET,3,4.947500000000004,0.15,4.797500000000004,4.797500000000004,ASHOKLEY.NS,NSE,Ashok Leyland Limited
2025-04-21,2025-04-22,2025-04-23,LONG,607.2534872131347,592.0721500328063,637.6161615737915,591.77611395779,592.0721500328063,STOP_LOSS,2,-2.548749999999984,0.15,-2.698749999999984,-2.698749999999984,ICICIPRULI.BO,BSE,ICICI Prudential Life Insurance
2025-04-16,2025-04-17,2025-04-23,LONG,242.871375,236.799590625,255.01494375000001,254.88743627812502,255.01494375000001,TARGET,4,4.947500000000009,0.15,4.797500000000008,4.797500000000008,JIOFIN.BO,BSE,Jio Financial Services
2025-04-16,2025-04-17,2025-04-23,LONG,243.06147244262695,236.98493563156129,255.2145460647583,255.08693879172594,255.2145460647583,TARGET,4,4.94750000000001,0.15,4.797500000000009,4.797500000000009,JIOFIN.NS,NSE,Jio Financial Services Limited
2025-04-21,2025-04-22,2025-04-23,LONG,51.525749999999995,50.23760624999999,54.102037499999994,50.212487446874995,50.23760624999999,STOP_LOSS,2,-2.5487500000000005,0.15,-2.6987500000000004,-2.6987500000000004,MAHABANK.BO,BSE,Bank of Maharashtra
2025-04-21,2025-04-22,2025-04-23,LONG,51.62579847335815,50.3351535115242,54.20708839702606,50.309985934768434,50.3351535115242,STOP_LOSS,2,-2.5487500000000036,0.15,-2.6987500000000035,-2.6987500000000035,MAHABANK.NS,NSE,Bank of Maharashtra
2025-04-21,2025-04-22,2025-04-23,LONG,436.3180561065674,425.4101047039032,458.1339589118958,425.1973996515513,425.4101047039032,STOP_LOSS,2,-2.5487499999999925,0.15,-2.6987499999999924,-2.6987499999999924,PFC.BO,BSE,Power Finance Corporation
2025-04-23,2025-04-24,2025-04-25,LONG,175.5377219467163,171.14927889804838,184.3146080440521,171.06370425859936,171.14927889804838,STOP_LOSS,2,-2.5487499999999996,0.15,-2.6987499999999995,-2.6987499999999995,INOXWIND.BO,BSE,Inox Wind
2025-04-23,2025-04-24,2025-04-25,LONG,175.08749999999998,170.7103125,183.841875,170.62495734375,170.7103125,STOP_LOSS,2,-2.548749999999989,0.15,-2.698749999999989,-2.698749999999989,INOXWIND.NS,NSE,Inox Wind Limited
2025-04-21,2025-04-22,2025-04-25,LONG,410.205,399.94987499999996,430.71525,399.7499000625,399.94987499999996,STOP_LOSS,4,-2.5487499999999987,0.15,-2.6987499999999986,-2.6987499999999986,LICI.NS,NSE,Life Insurance Corporation Of India
2025-04-23,2025-04-24,2025-04-25,LONG,90.61194898223876,88.34665025768278,95.1425464313507,88.30247693255394,88.34665025768278,STOP_LOSS,2,-2.548750000000004,0.15,-2.698750000000004,-2.698750000000004,MOTHERSON.BO,BSE,Samvardhana Motherson International
2025-04-23,2025-04-24,2025-04-25,LONG,90.97880101776123,88.7043309923172,95.52774106864929,88.65997882682105,88.7043309923172,STOP_LOSS,2,-2.5487499999999916,0.15,-2.6987499999999915,-2.6987499999999915,MOTHERSON.NS,NSE,Samvardhana Motherson International Limited
2025-04-21,2025-04-22,2025-04-28,LONG,1300.6499999999999,1268.1337499999997,1365.6825,1364.99965875,1365.6825,TARGET,5,4.94750000000001,0.15,4.797500000000009,4.797500000000009,500325.BO,BSE,Reliance Industries
2025-05-06,2025-05-07,2025-05-07,SHORT,39.63017652511597,40.620930938243866,37.64866769886017,40.64124140371299,40.620930938243866,STOP_LOSS,1,-2.551249999999993,0.15,-2.701249999999993,-2.701249999999993,IFCI.NS,NSE,IFCI Limited
2025-05-06,2025-05-07,2025-05-07,SHORT,48.73561832237244,49.95400878043174,46.29883740625382,49.97898578482196,49.95400878043174,STOP_LOSS,1,-2.5512499999999854,0.15,-2.7012499999999853,-2.7012499999999853,LLOYDSENGG.BO,BSE,Lloyds Engineering Works
2025-05-09,2025-05-12,2025-05-12,LONG,152.72631889343262,148.9081609210968,160.36263483810427,148.83370684063627,148.9081609210968,STOP_LOSS,1,-2.548749999999992,0.15,-2.698749999999992,-2.698749999999992,WELSPUNLIV.BO,BSE,Welspun Living
2025-05-09,2025-05-12,2025-05-14,LONG,118.10902805328368,115.15630235195158,124.01447945594786,123.9524722162199,124.01447945594786,TARGET,3,4.947500000000011,0.15,4.797500000000011,4.797500000000011,ZEEL.BO,BSE,Zee Entertainment
2025-05-09,2025-05-12,2025-05-14,LONG,118.309125,115.35139687499999,124.22458125,124.162468959375,124.22458125,TARGET,3,4.947500000000009,0.15,4.797500000000008,4.797500000000008,ZEEL.NS,NSE,Zee Entertainment Enterprises Limited
2025-05-15,2025-05-16,2025-05-16,LONG,90.84540305328369,88.57426797695159,95.38767320594788,88.52998084296311,88.57426797695159,STOP_LOSS,1,-2.54875000000001,0.15,-2.6987500000000098,-2.6987500000000098,HFCL.NS,NSE,HFCL Limited
2025-05-14,2025-05-15,2025-05-19,LONG,85.97296530532836,83.82364117269515,90.27161357059478,90.22647776380948,90.27161357059478,TARGET,3,4.947500000000006,0.15,4.797500000000006,4.797500000000006,IDBI.NS,NSE,IDBI Bank Limited
2025-05-16,2025-05-19,2025-05-20,LONG,52.276125,50.969221875,54.889931250000004,50.943737264062506,50.969221875,STOP_LOSS,2,-2.54874999999999,0.15,-2.6987499999999898,-2.6987499999999898,IFCI.NS,NSE,IFCI Limited
2025-05-19,2025-05-20,2025-05-20,LONG,187.343625,182.660034375,196.71080625000002,182.56870435781252,182.660034375,STOP_LOSS,1,-2.5487499999999903,0.15,-2.69874999999999,-2.69874999999999,INOXWIND.BO,BSE,Inox Wind
2025-05-19,2025-05-20,2025-05-20,LONG,187.09349999999998,182.41616249999998,196.448175,182.32495441875,182.41616249999998,STOP_LOSS,1,-2.5487499999999903,0.15,-2.69874999999999,-2.69874999999999,INOXWIND.NS,NSE,Inox Wind Limited
2025-05-13,2025-05-14,2025-05-21,LONG,25.956972244262694,25.308047938156125,27.25482085647583,25.29539391418705,25.308047938156125,STOP_LOSS,6,-2.5487500000000005,0.15,-2.6987500000000004,-2.6987500000000004,FCL.NS,NSE,Fineotex Chemical Limited
2025-05-14,2025-05-15,2025-05-22,LONG,403.451625,393.365334375,423.62420625,393.1686517078125,393.365334375,STOP_LOSS,6,-2.5487499999999947,0.15,-2.6987499999999947,-2.6987499999999947,COALINDIA.BO,BSE,Coal India
2025-05-21,2025-05-22,2025-05-22,LONG,101.8408959159851,99.29487351808547,106.93294071178435,99.24522608132644,99.29487351808547,STOP_LOSS,1,-2.5487499999999947,0.15,-2.6987499999999947,-2.6987499999999947,PNB.NS,NSE,Punjab National Bank
2025-05-14,2025-05-15,2025-05-27,LONG,70.0750209159851,68.32314539308548,73.57877196178437,73.54198257580349,73.57877196178437,TARGET,9,4.9475000000000255,0.15,4.797500000000025,4.797500000000025,NMDC.NS,NSE,NMDC Limited
2025-05-14,2025-05-15,2025-05-27,LONG,123.05149286270141,119.97520554113387,129.2040675058365,129.13946547208357,129.2040675058365,TARGET,9,4.947500000000009,0.15,4.797500000000008,4.797500000000008,SAIL.NS,NSE,Steel Authority of India Limited
2025-05-15,2025-05-16,2025-05-28,LONG,421.71074999999996,411.16798124999997,442.7962875,442.57488935625,442.7962875,TARGET,9,4.947500000000016,0.15,4.797500000000015,4.797500000000015,LICI.NS,NSE,Life Insurance Corporation Of India
2025-05-14,2025-05-15,2025-06-09,LONG,70.14505561065674,68.39142922039032,73.65230839118958,73.61548223699398,73.65230839118958,TARGET,18,4.947500000000002,0.15,4.797500000000001,4.797500000000001,NMDC.BO,BSE,NMDC
2025-06-09,2025-06-10,2025-06-11,LONG,969.4844999999999,945.2473875,1017.958725,944.77476380625,945.2473875,STOP_LOSS,2,-2.5487499999999903,0.15,-2.69874999999999,-2.69874999999999,500034.BO,BSE,Bajaj Finance
2025-06-10,2025-06-11,2025-06-12,LONG,178.339125,173.880646875,187.25608125,173.7937065515625,173.880646875,STOP_LOSS,2,-2.548749999999993,0.15,-2.698749999999993,-2.698749999999993,CGCL.BO,BSE,Capri Global Capital
2025-06-05,2025-06-06,2025-06-12,LONG,258.0789872131347,251.62701253280636,270.98293657379145,251.50119902653998,251.62701253280636,STOP_LOSS,5,-2.54874999999999,0.15,-2.6987499999999898,-2.6987499999999898,ETERNAL.BO,BSE,Eternal
2025-06-09,2025-06-10,2025-06-12,LONG,435.2175,424.33706249999994,456.97837499999997,424.12489396875,424.33706249999994,STOP_LOSS,3,-2.54875,0.15,-2.69875,-2.69875,PFC.BO,BSE,Power Finance Corporation
2025-06-05,2025-06-06,2025-06-13,LONG,256.68827755737306,250.27107061843873,269.5226914352417,250.14593508312953,250.27107061843873,STOP_LOSS,6,-2.5487499999999925,0.15,-2.6987499999999924,-2.6987499999999924,ETERNAL.NS,NSE,ETERNAL LIMITED
2025-06-19,2025-06-20,2025-06-20,SHORT,398.75053720092774,408.7193006309509,378.8130103408813,408.92366028126634,408.7193006309509,STOP_LOSS,1,-2.5512499999999823,0.15,-2.701249999999982,-2.701249999999982,PFC.BO,BSE,Power Finance Corporation
2025-06-26,2025-06-27,2025-06-27,LONG,64.54225713729858,62.92870070886611,67.76936999416351,67.73548530916644,67.76936999416351,TARGET,1,4.9475000000000176,0.15,4.797500000000017,4.797500000000017,LLOYDSENGG.BO,BSE,Lloyds Engineering Works
2025-06-25,2025-06-26,2025-06-30,LONG,240.11999999999998,234.11699999999996,252.12599999999998,233.99994149999998,234.11699999999996,STOP_LOSS,3,-2.54875,0.15,-2.69875,-2.69875,NORTHARC.BO,BSE,Northern Arc Capital
2025-06-25,2025-06-26,2025-07-01,LONG,143.2715969467163,139.6898070230484,150.43517679405213,139.61996211953686,139.6898070230484,STOP_LOSS,4,-2.5487500000000027,0.15,-2.6987500000000026,-2.6987500000000026,SAMMAANCAP.BO,BSE,Sammaan Capital
2025-06-30,2025-07-01,2025-07-02,LONG,428.8643188934326,418.14271092109675,450.30753483810423,417.9336395656362,418.14271092109675,STOP_LOSS,2,-2.548750000000005,0.15,-2.698750000000005,-2.698750000000005,PFC.BO,BSE,Power Finance Corporation
2025-06-30,2025-07-01,2025-07-03,LONG,660.2799872131347,643.7729875328064,693.2939865737915,643.45110103904,643.7729875328064,STOP_LOSS,3,-2.5487499999999876,0.15,-2.6987499999999875,-2.6987499999999875,ICICIPRULI.BO,BSE,ICICI Prudential Life Insurance
2025-07-01,2025-07-02,2025-07-03,LONG,113.15654847335814,110.32763476152418,118.81437589702605,110.27247094414342,110.32763476152418,STOP_LOSS,2,-2.5487500000000054,0.15,-2.6987500000000053,-2.6987500000000053,PNB.NS,NSE,Punjab National Bank
2025-06-30,2025-07-01,2025-07-04,LONG,103.49172244262695,100.90442938156127,108.66630856475831,100.8539771668705,100.90442938156127,STOP_LOSS,4,-2.5487500000000036,0.15,-2.6987500000000035,-2.6987500000000035,IDBI.NS,NSE,IDBI Bank Limited
2025-06-26,2025-06-27,2025-07-07,LONG,146.2730969467163,142.61626952304837,153.5867517940521,153.5099584181551,153.5867517940521,TARGET,7,4.947500000000008,0.15,4.797500000000007,4.797500000000007,IOC.BO,BSE,Indian Oil Corporation
2025-06-27,2025-06-30,2025-07-10,LONG,118.03899335861206,115.08801852464676,123.94094302654267,123.8789725550294,123.94094302654267,TARGET,9,4.947500000000012,0.15,4.797500000000012,4.797500000000012,ADANIPOWER.BO,BSE,Adani Power
2025-06-27,2025-06-30,2025-07-10,LONG,117.95895152664184,115.0099777384758,123.85689910297394,123.79497065342247,123.85689910297394,TARGET,9,4.947500000000018,0.15,4.797500000000018,4.797500000000018,ADANIPOWER.NS,NSE,Adani Power Limited
2025-07-10,2025-07-11,2025-07-11,LONG,177.88890305328368,173.44168047695157,186.78334820594787,173.35495963671312,173.44168047695157,STOP_LOSS,1,-2.5487499999999987,0.15,-2.6987499999999986,-2.6987499999999986,CGCL.BO,BSE,Capri Global Capital
2025-06-27,2025-06-30,2025-07-11,LONG,21.41069961833954,20.87543212788105,22.481234599256517,22.46999398195689,22.481234599256517,TARGET,10,4.9475000000000104,0.15,4.79750000000001,4.79750000000001,CUPID.BO,BSE,Cupid
2025-06-27,2025-06-30,2025-07-11,LONG,21.41069961833954,20.87543212788105,22.481234599256517,22.46999398195689,22.481234599256517,TARGET,10,4.9475000000000104,0.15,4.79750000000001,4.79750000000001,CUPID.NS,NSE,Cupid Limited
2025-06-27,2025-06-30,2025-07-16,LONG,161.0805,157.0534875,169.134525,156.97496075625,157.0534875,STOP_LOSS,12,-2.548750000000001,0.15,-2.698750000000001,-2.698750000000001,500470.BO,BSE,Tata Steel
2025-06-26,2025-06-27,2025-07-16,LONG,161.0805,157.0534875,169.134525,156.97496075625,157.0534875,STOP_LOSS,14,-2.548750000000001,0.15,-2.698750000000001,-2.698750000000001,TATASTEEL.NS,NSE,Tata Steel Limited
2025-07-02,2025-07-03,2025-07-17,LONG,90.23509744262695,87.97922000656128,94.7468523147583,94.69947888860092,94.7468523147583,TARGET,11,4.947500000000002,0.15,4.797500000000001,4.797500000000001,GMRAIRPORT.BO,BSE,GMR Airports
2025-07-02,2025-07-03,2025-07-17,LONG,90.045,87.793875,94.54725,94.49997637500002,94.54725,TARGET,11,4.9475000000000176,0.15,4.797500000000017,4.797500000000017,GMRAIRPORT.NS,NSE,GMR AIRPORTS LIMITED
2025-07-01,2025-07-02,2025-07-17,LONG,570.285,556.027875,598.79925,598.499850375,598.79925,TARGET,12,4.947500000000015,0.15,4.7975000000000145,4.7975000000000145,KALYANKJIL.BO,BSE,Kalyan Jewellers
2025-07-23,2025-07-24,2025-07-25,LONG,968.8842244262695,944.6621188156128,1017.328435647583,944.189787756205,944.6621188156128,STOP_LOSS,2,-2.5487499999999987,0.15,-2.6987499999999986,-2.6987499999999986,500034.BO,BSE,Bajaj Finance
2025-07-15,2025-07-16,2025-07-25,SHORT,165.8670219497681,170.01369749851227,157.57367085227966,157.6524576877058,157.57367085227966,TARGET,8,4.95250000000001,0.15,4.80250000000001,4.80250000000001,INOXWIND.BO,BSE,Inox Wind
2025-07-15,2025-07-16,2025-07-25,SHORT,165.61714694976808,169.75757562351228,157.33628960227966,157.4149577470808,157.33628960227966,TARGET,8,4.952500000000017,0.15,4.802500000000017,4.802500000000017,INOXWIND.NS,NSE,Inox Wind Limited
2025-06-30,2025-07-01,2025-07-28,LONG,820.7601505737305,800.2411468093871,861.798158102417,799.8410262359824,800.2411468093871,STOP_LOSS,19,-2.548750000000009,0.15,-2.698750000000009,-2.698750000000009,500112.BO,BSE,State Bank of India
2025-06-25,2025-06-26,2025-08-01,LONG,122.41117347335815,119.35089413652419,128.53173214702605,119.29121868945593,119.35089413652419,STOP_LOSS,27,-2.54875,0.15,-2.69875,-2.69875,ASHOKLEY.NS,NSE,Ashok Leyland Limited
2025-07-21,2025-07-22,2025-08-01,LONG,72.12604133605957,70.32289030265808,75.73234340286255,70.28772885750675,70.32289030265808,STOP_LOSS,9,-2.5487500000000054,0.15,-2.6987500000000053,-2.6987500000000053,NMDC.BO,BSE,NMDC
2025-07-24,2025-07-25,2025-08-04,SHORT,409.795,420.039875,389.30525,420.24989493749996,420.039875,STOP_LOSS,7,-2.5512499999999863,0.15,-2.701249999999986,-2.701249999999986,ITC.NS,NSE,ITC Limited
2025-07-31,2025-08-01,2025-08-05,SHORT,425.98691220092775,436.6365850059509,404.6875665908813,436.85490329845385,436.6365850059509,STOP_LOSS,3,-2.551249999999984,0.15,-2.701249999999984,-2.701249999999984,VEDL.BO,BSE,Vedanta
2025-07-31,2025-08-01,2025-08-05,SHORT,424.8874561004639,435.50964250297545,403.6430832954407,435.7273973242269,435.50964250297545,STOP_LOSS,3,-2.551249999999978,0.15,-2.7012499999999777,-2.7012499999999777,VEDL.NS,NSE,Vedanta Limited
2025-08-04,2025-08-05,2025-08-06,LONG,335.01743110656736,326.6419953289032,351.76830266189575,326.4786743312388,326.6419953289032,STOP_LOSS,2,-2.548749999999983,0.15,-2.698749999999983,-2.698749999999983,JIOFIN.BO,BSE,Jio Financial Services
2025-08-01,2025-08-04,2025-08-07,LONG,330.01493110656736,321.76455782890315,346.5156776618957,321.60367554998874,321.76455782890315,STOP_LOSS,4,-2.5487499999999965,0.15,-2.6987499999999964,-2.6987499999999964,JIOFIN.NS,NSE,Jio Financial Services Limited
2025-07-21,2025-07-22,2025-08-07,LONG,72.036,70.2351,75.6378,70.19998245000001,70.2351,STOP_LOSS,13,-2.5487499999999916,0.15,-2.6987499999999915,-2.6987499999999915,NMDC.NS,NSE,NMDC Limited
2025-07-29,2025-07-30,2025-08-18,SHORT,886.6064627990723,908.771624369049,842.2761396591187,909.2260101812335,908.771624369049,STOP_LOSS,13,-2.5512499999999805,0.15,-2.7012499999999804,-2.7012499999999804,500034.BO,BSE,Bajaj Finance
2025-08-18,2025-08-19,2025-08-19,LONG,131.82587450408934,128.5302276414871,138.41716822929382,128.46596252766636,128.5302276414871,STOP_LOSS,1,-2.548750000000001,0.15,-2.698750000000001,-2.698750000000001,ASHOKLEY.NS,NSE,Ashok Leyland Limited
2025-08-18,2025-08-19,2025-08-20,LONG,631.065375,615.2887406250001,662.61864375,614.9810962546876,615.2887406250001,STOP_LOSS,2,-2.5487499999999867,0.15,-2.6987499999999867,-2.6987499999999867,ASTERDM.BO,BSE,Aster DM Quality Care
2025-08-22,2025-08-25,2025-08-26,LONG,113.10652805328368,110.27886485195158,118.76185445594787,110.2237254195256,110.27886485195158,STOP_LOSS,2,-2.5487500000000067,0.15,-2.6987500000000066,-2.6987500000000066,SBFC.BO,BSE,SBFC Finance
2025-08-21,2025-08-22,2025-08-26,LONG,22.881435839653015,22.30939994366169,24.025507631635666,24.01349487781985,24.025507631635666,TARGET,3,4.947500000000002,0.15,4.797500000000001,4.797500000000001,SHUKRAPHAR.BO,BSE,Shukra Pharmaceuticals
2025-08-21,2025-08-22,2025-08-29,SHORT,400.49966220092773,410.51215375595086,380.47467909088135,380.6649164304268,380.47467909088135,TARGET,5,4.9525,0.15,4.802499999999999,4.802499999999999,PFC.BO,BSE,Power Finance Corporation
2025-08-29,2025-09-01,2025-09-01,SHORT,422.038875,432.589846875,400.93693125,432.80614179843747,432.589846875,STOP_LOSS,1,-2.551249999999987,0.15,-2.701249999999987,-2.701249999999987,VEDL.BO,BSE,Vedanta
2025-08-29,2025-09-01,2025-09-01,SHORT,422.5885877990723,433.15330249404906,401.45915840911863,433.36987914529607,433.15330249404906,STOP_LOSS,1,-2.551249999999988,0.15,-2.701249999999988,-2.701249999999988,VEDL.NS,NSE,Vedanta Limited
2025-08-28,2025-08-29,2025-09-02,SHORT,154.172875,158.027196875,146.46423125,158.10621047343747,158.027196875,STOP_LOSS,2,-2.5512499999999783,0.15,-2.701249999999978,-2.701249999999978,500470.BO,BSE,Tata Steel
2025-08-29,2025-09-01,2025-09-02,SHORT,328.48566889953617,336.6978106220245,312.06138545455934,336.8661595273355,336.6978106220245,STOP_LOSS,2,-2.551249999999983,0.15,-2.701249999999983,-2.701249999999983,NTPC.BO,BSE,NTPC
2025-08-22,2025-08-25,2025-09-03,SHORT,379.560125,389.049128125,360.58211875,389.24365268906246,389.049128125,STOP_LOSS,7,-2.5512499999999814,0.15,-2.7012499999999813,-2.7012499999999813,COALINDIA.BO,BSE,Coal India
2025-09-02,2025-09-03,2025-09-03,SHORT,220.03991889953613,225.54091687202452,209.03792295455932,225.6536873304605,225.54091687202452,STOP_LOSS,1,-2.551249999999984,0.15,-2.701249999999984,-2.701249999999984,EPL.BO,BSE,EPL
2025-08-26,2025-08-28,2025-09-04,SHORT,105.99697805023195,108.64690250148773,100.69712914772035,108.70122595273847,108.64690250148773,STOP_LOSS,6,-2.551249999999982,0.15,-2.7012499999999817,-2.7012499999999817,CANBK.NS,NSE,Canara Bank
2025-08-29,2025-09-01,2025-09-04,SHORT,599.6000744018555,614.5900762619019,569.6200706817627,614.8973713000329,614.5900762619019,STOP_LOSS,4,-2.551250000000004,0.15,-2.701250000000004,-2.701250000000004,ICICIPRULI.BO,BSE,ICICI Prudential Life Insurance
2025-08-18,2025-08-19,2025-09-04,SHORT,406.1468311004639,416.3005018779754,385.8394895454407,416.5086521289144,416.3005018779754,STOP_LOSS,12,-2.5512499999999774,0.15,-2.7012499999999773,-2.7012499999999773,ITC.NS,NSE,ITC Limited
2025-09-03,2025-09-04,2025-09-04,LONG,74.9874719467163,73.11278514804839,78.73684554405212,73.07622875547438,73.11278514804839,STOP_LOSS,1,-2.5487499999999876,0.15,-2.6987499999999875,-2.6987499999999875,NMDC.BO,BSE,NMDC
2025-09-03,2025-09-04,2025-09-04,LONG,74.93745152664184,73.06401523847579,78.68432410297393,73.02748323085656,73.06401523847579,STOP_LOSS,1,-2.54874999999999,0.15,-2.6987499999999898,-2.6987499999999898,NMDC.NS,NSE,NMDC Limited
2025-09-02,2025-09-03,2025-09-05,LONG,139.0194719467163,135.5439851480484,145.97044554405213,135.47621315547437,135.5439851480484,STOP_LOSS,3,-2.5487499999999956,0.15,-2.6987499999999955,-2.6987499999999955,SAMMAANCAP.BO,BSE,Sammaan Capital
2025-09-08,2025-09-09,2025-09-17,LONG,183.4416811065674,178.8556390789032,192.61376516189577,192.51745827931484,192.61376516189577,TARGET,7,4.947500000000016,0.15,4.797500000000015,4.797500000000015,VIYASH.BO,BSE,Viyash Scientific
2025-09-11,2025-09-12,2025-09-22,LONG,825.3124744262694,804.6796625656127,866.578098147583,866.1448090985092,866.578098147583,TARGET,7,4.9475000000000104,0.15,4.79750000000001,4.79750000000001,500112.BO,BSE,State Bank of India
2025-09-17,2025-09-18,2025-09-22,LONG,91.90593061065674,89.60828234539032,96.50122714118957,89.56347820421763,89.60828234539032,STOP_LOSS,3,-2.548749999999994,0.15,-2.6987499999999938,-2.6987499999999938,GMRAIRPORT.BO,BSE,GMR Airports
2025-09-17,2025-09-18,2025-09-24,LONG,92.13604133605956,89.83264030265808,96.74284340286255,89.78772398250675,89.83264030265808,STOP_LOSS,5,-2.548749999999997,0.15,-2.698749999999997,-2.698749999999997,GMRAIRPORT.NS,NSE,GMR AIRPORTS LIMITED
2025-09-16,2025-09-17,2025-09-25,LONG,541.2204872131348,527.6899750328064,568.2815115737916,527.42613004529,527.6899750328064,STOP_LOSS,7,-2.5487499999999934,0.15,-2.6987499999999933,-2.6987499999999933,JSWENERGY.BO,BSE,JSW Energy
2025-09-05,2025-09-08,2025-10-03,LONG,393.39661221313474,383.5616969078064,413.0664428237915,383.3699160593525,383.5616969078064,STOP_LOSS,19,-2.5487499999999987,0.15,-2.6987499999999986,-2.6987499999999986,COALINDIA.BO,BSE,Coal India
2025-09-29,2025-09-30,2025-10-03,SHORT,35.352313932418824,36.23612178072929,33.58469823579788,36.25423984161966,36.23612178072929,STOP_LOSS,3,-2.5512499999999965,0.15,-2.7012499999999964,-2.7012499999999964,JINDWORLD.NS,NSE,Jindal Worldwide Limited
2025-09-26,2025-09-29,2025-10-06,SHORT,68.87554866027833,70.59743737678528,65.4317712272644,70.63273609547367,70.59743737678528,STOP_LOSS,5,-2.551249999999996,0.15,-2.701249999999996,-2.701249999999996,IDFCFIRSTB.BO,BSE,IDFC First Bank
2025-09-26,2025-09-29,2025-10-06,SHORT,68.85555438995361,70.57694324970244,65.41277667045593,70.61223172132729,70.57694324970244,STOP_LOSS,5,-2.5512499999999836,0.15,-2.7012499999999835,-2.7012499999999835,IDFCFIRSTB.NS,NSE,IDFC First Bank Limited
2025-10-06,2025-10-07,2025-10-07,LONG,314.907375,307.034690625,330.65274375,306.8811732796875,307.034690625,STOP_LOSS,1,-2.5487499999999956,0.15,-2.6987499999999955,-2.6987499999999955,IXIGO.BO,BSE,Le Travenues Technology (IXIGO)
2025-09-24,2025-09-25,2025-10-07,SHORT,306.596625,314.261540625,291.26679375,314.4186713953125,314.261540625,STOP_LOSS,8,-2.551249999999999,0.15,-2.701249999999999,-2.701249999999999,JIOFIN.NS,NSE,Jio Financial Services Limited
2025-09-26,2025-09-29,2025-10-08,SHORT,1459.320023803711,1495.8030243988035,1386.3540226135253,1496.5509259110029,1495.8030243988035,STOP_LOSS,7,-2.551249999999986,0.15,-2.7012499999999857,-2.7012499999999857,500209.BO,BSE,Infosys
2025-09-04,2025-09-05,2025-10-09,LONG,166.88340305328367,162.71131797695156,175.22757320594786,175.1399594193449,175.22757320594786,TARGET,24,4.947500000000014,0.15,4.797500000000014,4.797500000000014,500470.BO,BSE,Tata Steel
2025-10-08,2025-10-09,2025-10-09,LONG,59.0295,57.5537625,61.980975,57.52498561875,57.5537625,STOP_LOSS,1,-2.5487499999999956,0.15,-2.6987499999999955,-2.6987499999999955,IFCI.NS,NSE,IFCI Limited
2025-09-25,2025-09-26,2025-10-09,SHORT,141.17937500000002,144.708859375,134.12040625,144.7812138046875,144.708859375,STOP_LOSS,9,-2.551249999999982,0.15,-2.7012499999999817,-2.7012499999999817,INOXWIND.BO,BSE,Inox Wind
2025-09-25,2025-09-26,2025-10-09,SHORT,141.12939694976808,144.65763187351226,134.07292710227966,144.729960689449,144.65763187351226,STOP_LOSS,9,-2.5512499999999743,0.15,-2.701249999999974,-2.701249999999974,INOXWIND.NS,NSE,Inox Wind Limited
2025-09-03,2025-09-04,2025-10-09,LONG,169.0845,164.8573875,177.538725,177.4499556375,177.538725,TARGET,25,4.947500000000011,0.15,4.797500000000011,4.797500000000011,TATASTEEL.NS,NSE,Tata Steel Limited
2025-09-26,2025-09-29,2025-10-10,SHORT,48.975500000000004,50.1998875,46.526725,50.22498744375,50.1998875,STOP_LOSS,9,-2.5512499999999974,0.15,-2.7012499999999973,-2.7012499999999973,MOREPENLAB.NS,NSE,Morepen Laboratories Limited
2025-09-30,2025-10-01,2025-10-16,SHORT,1363.5678750000002,1397.6570718750002,1295.38948125,1398.3559004109377,1397.6570718750002,STOP_LOSS,11,-2.55125,0.15,-2.70125,-2.70125,500325.BO,BSE,Reliance Industries
2025-09-24,2025-09-25,2025-10-17,SHORT,401.24928720092777,411.2805193809509,381.18682284088135,411.48615964064135,411.2805193809509,STOP_LOSS,16,-2.5512499999999774,0.15,-2.7012499999999773,-2.7012499999999773,ITC.NS,NSE,ITC Limited
2025-10-16,2025-10-17,2025-10-17,LONG,449.5246377868652,438.28652184219357,472.0008696762085,438.06737858127246,438.28652184219357,STOP_LOSS,1,-2.5487499999999987,0.15,-2.6987499999999986,-2.6987499999999986,SWIGGY.BO,BSE,Swiggy
2025-10-16,2025-10-17,2025-10-17,LONG,447.2235,436.0429125,469.584675,435.82489104375003,436.0429125,STOP_LOSS,1,-2.548749999999994,0.15,-2.6987499999999938,-2.6987499999999938,SWIGGY.NS,NSE,Swiggy Limited
2025-10-15,2025-10-16,2025-10-17,LONG,126.86340305328369,123.6918179769516,133.20657320594788,123.62997206796312,123.6918179769516,STOP_LOSS,2,-2.5487499999999987,0.15,-2.6987499999999986,-2.6987499999999986,WELSPUNLIV.BO,BSE,Welspun Living
2025-09-29,2025-09-30,2025-10-17,SHORT,112.89352194976807,115.71585999851226,107.24884585227966,107.30247027520579,107.24884585227966,TARGET,13,4.952500000000015,0.15,4.802500000000014,4.802500000000014,ZEEL.BO,BSE,Zee Entertainment
2025-09-29,2025-09-30,2025-10-17,SHORT,112.70362213516236,115.52121268854141,107.06844102840424,107.12197524891843,107.06844102840424,TARGET,13,4.952500000000013,0.15,4.802500000000013,4.802500000000013,ZEEL.NS,NSE,Zee Entertainment Enterprises Limited
2025-09-24,2025-09-25,2025-10-20,SHORT,307.54616220092777,315.23481625595093,292.1688540908814,315.3924336640789,315.23481625595093,STOP_LOSS,17,-2.5512499999999902,0.15,-2.70124999999999,-2.70124999999999,JIOFIN.BO,BSE,Jio Financial Services
2025-10-01,2025-10-03,2025-10-20,LONG,48.09403469467163,46.89168382730484,50.49873642940521,50.47348706119051,50.49873642940521,TARGET,12,4.94750000000001,0.15,4.797500000000009,4.797500000000009,UJJIVANSFB.BO,BSE,Ujjivan Small Finance Bank
2025-10-01,2025-10-03,2025-10-20,LONG,48.25411454200744,47.047761678457256,50.666820269107816,50.641486858973266,50.666820269107816,TARGET,12,4.947500000000011,0.15,4.797500000000011,4.797500000000011,UJJIVANSFB.NS,NSE,Ujjivan Small Finance Bank Limited
2025-10-09,2025-10-10,2025-10-21,LONG,73.43670152664184,71.6007839884758,77.10853660297394,77.06998233467246,77.10853660297394,TARGET,8,4.947500000000019,0.15,4.797500000000019,4.797500000000019,IDFCFIRSTB.NS,NSE,IDFC First Bank Limited
2025-10-09,2025-10-10,2025-10-23,LONG,73.4867219467163,71.6495538980484,77.16105804405213,77.1224775150301,77.16105804405213,TARGET,9,4.947500000000011,0.15,4.797500000000011,4.797500000000011,IDFCFIRSTB.BO,BSE,IDFC First Bank
2025-10-24,2025-10-27,2025-10-27,LONG,25.812899236679076,25.1675767557621,27.10354419851303,25.154992967384217,25.1675767557621,STOP_LOSS,1,-2.5487500000000036,0.15,-2.6987500000000035,-2.6987500000000035,FCL.NS,NSE,Fineotex Chemical Limited
2025-10-24,2025-10-27,2025-10-29,LONG,396.14798721313474,386.24428753280637,415.9553865737915,386.05116538903997,386.24428753280637,STOP_LOSS,3,-2.5487500000000005,0.15,-2.6987500000000004,-2.6987500000000004,COALINDIA.BO,BSE,Coal India
2025-10-29,2025-10-30,2025-10-31,LONG,138.7693469467163,135.3001132730484,145.70781429405213,135.23246321641187,135.3001132730484,STOP_LOSS,2,-2.5487499999999947,0.15,-2.6987499999999947,-2.6987499999999947,SAIL.NS,NSE,Steel Authority of India Limited
2025-10-17,2025-10-20,2025-11-03,LONG,112.40617347335815,109.59601913652419,118.02648214702606,117.96746890595256,118.02648214702606,TARGET,10,4.9475000000000104,0.15,4.79750000000001,4.79750000000001,SBFC.BO,BSE,SBFC Finance
2025-11-03,2025-11-04,2025-11-04,LONG,284.09198721313476,276.9896875328064,298.2965865737915,276.85119268904,276.9896875328064,STOP_LOSS,1,-2.548750000000003,0.15,-2.698750000000003,-2.698750000000003,NORTHARC.BO,BSE,Northern Arc Capital
2025-11-06,2025-11-07,2025-11-07,SHORT,384.35771279907226,393.96665561904905,365.1398271591186,394.16363894685855,393.96665561904905,STOP_LOSS,1,-2.5512499999999907,0.15,-2.7012499999999906,-2.7012499999999906,PFC.BO,BSE,Power Finance Corporation
2025-11-06,2025-11-07,2025-11-11,SHORT,296.85150000000004,304.2727875,282.00892500000003,304.42492389374996,304.2727875,STOP_LOSS,3,-2.5512499999999725,0.15,-2.7012499999999724,-2.7012499999999724,JIOFIN.NS,NSE,Jio Financial Services Limited
2025-11-04,2025-11-06,2025-11-12,SHORT,378.01091220092775,387.4611850059509,359.11036659088137,387.65491559845384,387.4611850059509,STOP_LOSS,5,-2.5512499999999796,0.15,-2.7012499999999795,-2.7012499999999795,COALINDIA.BO,BSE,Coal India
2025-11-04,2025-11-06,2025-11-12,SHORT,301.74904389953616,309.29276999702455,286.6615917045593,309.44741638202305,309.29276999702455,STOP_LOSS,5,-2.5512499999999907,0.15,-2.7012499999999906,-2.7012499999999906,JIOFIN.BO,BSE,Jio Financial Services
2025-11-12,2025-11-13,2025-11-14,LONG,1559.7294261474608,1520.7361904937743,1637.715897454834,1519.9758223985275,1520.7361904937743,STOP_LOSS,2,-2.548749999999993,0.15,-2.698749999999993,-2.698749999999993,500209.BO,BSE,Infosys
2025-11-13,2025-11-14,2025-11-18,LONG,111.40567347335815,108.62053163652419,116.97595714702607,108.56622137070593,108.62053163652419,STOP_LOSS,3,-2.548750000000001,0.15,-2.698750000000001,-2.698750000000001,MOTHERSON.BO,BSE,Samvardhana Motherson International
2025-11-13,2025-11-14,2025-11-18,LONG,111.36565255737304,108.58151124343871,116.9339351852417,108.527220487817,108.58151124343871,STOP_LOSS,3,-2.5487499999999907,0.15,-2.6987499999999907,-2.6987499999999907,MOTHERSON.NS,NSE,Samvardhana Motherson International Limited
2025-11-19,2025-11-20,2025-11-20,LONG,61.52074667930603,59.98272801232338,64.59678401327133,59.95273664831722,59.98272801232338,STOP_LOSS,1,-2.5487499999999943,0.15,-2.698749999999994,-2.698749999999994,MAHABANK.BO,BSE,Bank of Maharashtra
2025-11-19,2025-11-20,2025-11-20,LONG,61.43070152664184,59.89493398847579,64.50223660297394,59.864986521481555,59.89493398847579,STOP_LOSS,1,-2.5487500000000027,0.15,-2.6987500000000026,-2.6987500000000026,MAHABANK.NS,NSE,Bank of Maharashtra
2025-11-06,2025-11-07,2025-11-21,SHORT,35.0724551525116,35.94926653132439,33.31883239488602,33.335491811083465,33.31883239488602,TARGET,11,4.9525,0.15,4.802499999999999,4.802499999999999,JINDWORLD.NS,NSE,Jindal Worldwide Limited
2025-11-24,2025-11-25,2025-11-26,SHORT,72.46375,74.27534375,68.8405625,74.312481421875,74.27534375,STOP_LOSS,2,-2.551250000000002,0.15,-2.7012500000000017,-2.7012500000000017,NMDC.BO,BSE,NMDC
2025-11-24,2025-11-25,2025-11-26,SHORT,72.53371469497681,74.34705756235122,68.90702896022796,74.38423109113239,74.34705756235122,STOP_LOSS,2,-2.5512499999999836,0.15,-2.7012499999999835,-2.7012499999999835,NMDC.NS,NSE,NMDC Limited
2025-12-04,2025-12-05,2025-12-09,LONG,363.0814438934326,354.00440779609676,381.23551608810425,353.8274055921987,354.00440779609676,STOP_LOSS,3,-2.5487500000000076,0.15,-2.6987500000000075,-2.6987500000000075,HINDCOPPER.BO,BSE,Hindustan Copper
2025-12-04,2025-12-05,2025-12-09,LONG,363.0814438934326,354.00440779609676,381.23551608810425,353.8274055921987,354.00440779609676,STOP_LOSS,3,-2.5487500000000076,0.15,-2.6987500000000075,-2.6987500000000075,HINDCOPPER.NS,NSE,Hindustan Copper Limited
2025-11-04,2025-11-06,2025-12-09,SHORT,332.33375,340.64209374999996,315.7170625,315.87492103125,315.7170625,TARGET,24,4.952500000000008,0.15,4.802500000000007,4.802500000000007,NTPC.BO,BSE,NTPC
2025-12-04,2025-12-05,2025-12-09,SHORT,64.217875,65.823321875,61.00698125,65.8562335359375,65.823321875,STOP_LOSS,3,-2.5512499999999982,0.15,-2.701249999999998,-2.701249999999998,TFCILTD.BO,BSE,Tourism Finance Corporation of India
2025-12-04,2025-12-05,2025-12-09,SHORT,64.30782633972169,65.91552199821473,61.0924350227356,65.94847975921384,65.91552199821473,STOP_LOSS,3,-2.551250000000006,0.15,-2.7012500000000057,-2.7012500000000057,TFCILTD.NS,NSE,Tourism Finance Corporation of India Limited
2025-11-24,2025-11-25,2025-12-10,SHORT,372.61358779907226,381.92892749404905,353.98290840911864,382.119891957796,381.92892749404905,STOP_LOSS,12,-2.5512499999999823,0.15,-2.701249999999982,-2.701249999999982,COALINDIA.BO,BSE,Coal India
2025-12-09,2025-12-10,2025-12-11,LONG,46.46321862602234,45.30163816037178,48.78637955732346,45.2789873412916,45.30163816037178,STOP_LOSS,2,-2.548749999999996,0.15,-2.698749999999996,-2.698749999999996,SHUKRAPHAR.BO,BSE,Shukra Pharmaceuticals
2025-12-08,2025-12-09,2025-12-15,SHORT,470.7645,482.53361249999995,447.226275,482.77487930624994,482.53361249999995,STOP_LOSS,5,-2.551249999999988,0.15,-2.701249999999988,-2.701249999999988,KALYANKJIL.BO,BSE,Kalyan Jewellers
2025-12-19,2025-12-22,2025-12-22,LONG,468.0338877868652,456.3330405921935,491.43558217620847,456.1048740718974,456.3330405921935,STOP_LOSS,1,-2.5487500000000085,0.15,-2.6987500000000084,-2.6987500000000084,LENSKART.BO,BSE,Lenskart Solutions
2025-12-22,2025-12-23,2025-12-23,LONG,163.9819438934326,159.88239529609677,172.18104108810425,159.80245409844875,159.88239529609677,STOP_LOSS,1,-2.5487499999999925,0.15,-2.6987499999999924,-2.6987499999999924,GROWW.BO,BSE,Groww
2025-12-22,2025-12-23,2025-12-24,LONG,163.34162450408934,159.2580838914871,171.5087057292938,171.42295137642918,171.5087057292938,TARGET,2,4.947500000000014,0.15,4.797500000000014,4.797500000000014,GROWW.NS,NSE,Billionbrains Garage Ventures Limited
2025-12-22,2025-12-23,2025-12-29,LONG,690.7952372131348,673.5253562828063,725.3349990737916,673.188593604665,673.5253562828063,STOP_LOSS,4,-2.548749999999999,0.15,-2.698749999999999,-2.698749999999999,RUBICON.BO,BSE,Rubicon Research
2025-12-26,2025-12-29,2025-12-29,LONG,520.3100127868652,507.30226246719354,546.3255134262084,507.04861133595995,507.30226246719354,STOP_LOSS,1,-2.54875,0.15,-2.69875,-2.69875,TENNIND.BO,BSE,Tenneco Clean Air
2026-01-01,2026-01-02,2026-01-06,SHORT,359.82,368.8155,341.82899999999995,341.99991449999993,341.82899999999995,TARGET,3,4.952500000000017,0.15,4.802500000000017,4.802500000000017,ITC.NS,NSE,ITC Limited
2026-01-02,2026-01-05,2026-01-08,LONG,56.688329847335815,55.271121601152416,59.52274633970261,59.49298496653276,59.52274633970261,TARGET,4,4.947500000000008,0.15,4.797500000000007,4.797500000000007,UJJIVANSFB.BO,BSE,Ujjivan Small Finance Bank
2026-01-02,2026-01-05,2026-01-08,LONG,57.028499999999994,55.60278749999999,59.87992499999999,59.8499850375,59.87992499999999,TARGET,4,4.947500000000008,0.15,4.797500000000007,4.797500000000007,UJJIVANSFB.NS,NSE,Ujjivan Small Finance Bank Limited
2026-01-08,2026-01-09,2026-01-13,SHORT,155.02245610046387,158.89801750297545,147.27133329544068,158.97746651172693,158.89801750297545,STOP_LOSS,3,-2.551249999999985,0.15,-2.701249999999985,-2.701249999999985,IOC.BO,BSE,Indian Oil Corporation
2026-01-09,2026-01-12,2026-01-13,SHORT,51.03447137260437,52.31033315691948,48.48274780397415,52.33648832349793,52.31033315691948,STOP_LOSS,2,-2.5512499999999814,0.15,-2.7012499999999813,-2.7012499999999813,LLOYDSENGG.BO,BSE,Lloyds Engineering Works
2026-01-13,2026-01-14,2026-01-14,SHORT,62.6486603050232,64.21487681264877,59.51622728977204,64.24698425105508,64.21487681264877,STOP_LOSS,1,-2.5512499999999654,0.15,-2.7012499999999653,-2.7012499999999653,HFCL.NS,NSE,HFCL Limited
2026-01-12,2026-01-13,2026-01-14,LONG,57.45871530532837,56.02224742269516,60.33165107059479,55.994236298983814,56.02224742269516,STOP_LOSS,2,-2.548749999999995,0.15,-2.698749999999995,-2.698749999999995,IFCI.NS,NSE,IFCI Limited
2026-01-13,2026-01-14,2026-01-16,SHORT,99.00047805023193,101.47549000148773,94.05045414772033,101.52622774648847,101.47549000148773,STOP_LOSS,2,-2.551249999999998,0.15,-2.7012499999999977,-2.7012499999999977,GMRAIRPORT.BO,BSE,GMR Airports
2026-01-13,2026-01-14,2026-01-16,SHORT,98.49073091506959,100.95299918794632,93.56619436931611,101.00347568754029,100.95299918794632,STOP_LOSS,3,-2.5512499999999836,0.15,-2.7012499999999835,-2.7012499999999835,GMRAIRPORT.NS,NSE,GMR AIRPORTS LIMITED
2026-01-08,2026-01-09,2026-01-20,SHORT,1466.2164761962892,1502.8718881011964,1392.9056523864747,1393.6021052126678,1392.9056523864747,TARGET,6,4.952500000000017,0.15,4.802500000000017,4.802500000000017,500325.BO,BSE,Reliance Industries
2026-01-19,2026-01-20,2026-01-20,SHORT,175.56216889953615,179.95122312202454,166.78406045455932,180.04119873358556,179.95122312202454,STOP_LOSS,1,-2.5512499999999982,0.15,-2.701249999999998,-2.701249999999998,CGCL.BO,BSE,Capri Global Capital
2026-01-09,2026-01-12,2026-01-20,SHORT,286.85650000000004,294.0279125,272.51367500000003,272.6499318375,272.51367500000003,TARGET,6,4.952500000000016,0.15,4.802500000000015,4.802500000000015,JIOFIN.BO,BSE,Jio Financial Services
2026-01-09,2026-01-12,2026-01-20,SHORT,287.106375,294.284034375,272.75105625,272.88743177812495,272.75105625,TARGET,7,4.952500000000022,0.15,4.8025000000000215,4.8025000000000215,JIOFIN.NS,NSE,Jio Financial Services Limited
2026-01-06,2026-01-07,2026-01-20,SHORT,131.13439694976807,134.41275687351225,124.57767710227967,124.63996594083079,124.57767710227967,TARGET,9,4.952500000000015,0.15,4.802500000000014,4.802500000000014,VMM.BO,BSE,Vishal Mega Mart
2026-01-06,2026-01-07,2026-01-20,SHORT,130.9345,134.2078625,124.387775,124.44996888749999,124.387775,TARGET,10,4.9525000000000166,0.15,4.802500000000016,4.802500000000016,VMM.NS,NSE,Vishal Mega Mart Limited
2026-01-20,2026-01-21,2026-01-21,SHORT,269.11537500000003,275.843259375,255.65960625000002,275.98118100468747,275.843259375,STOP_LOSS,1,-2.5512499999999787,0.15,-2.7012499999999786,-2.7012499999999786,ETERNAL.NS,NSE,ETERNAL LIMITED
2026-01-19,2026-01-20,2026-01-21,SHORT,460.76950000000005,472.2887375,437.73102500000005,437.9498905125,437.73102500000005,TARGET,2,4.952500000000006,0.15,4.8025000000000055,4.8025000000000055,KALYANKJIL.BO,BSE,Kalyan Jewellers
2026-01-20,2026-01-21,2026-01-21,SHORT,124.28782347488404,127.39501906175613,118.07343230113983,127.458716571287,127.39501906175613,STOP_LOSS,1,-2.5512499999999876,0.15,-2.7012499999999875,-2.7012499999999875,URBANCO.BO,BSE,Urban Company
2026-01-20,2026-01-21,2026-01-21,SHORT,124.9375,128.0609375,118.690625,128.12496796874998,128.0609375,STOP_LOSS,1,-2.551249999999988,0.15,-2.701249999999988,-2.701249999999988,URBANCO.NS,NSE,Urban Company Limited
2026-01-06,2026-01-07,2026-01-27,SHORT,955.522,979.41005,907.7459,908.19977295,907.7459,TARGET,14,4.952500000000003,0.15,4.802500000000003,4.802500000000003,HDFCBANK.NS,NSE,HDFC Bank Limited
2026-01-27,2026-01-28,2026-01-28,SHORT,91.704125,93.99672812499999,87.11891875,87.162478209375,87.11891875,TARGET,1,4.9525000000000095,0.15,4.802500000000009,4.802500000000009,SBFC.BO,BSE,SBFC Finance
2026-01-28,2026-01-29,2026-02-02,LONG,383.89186221313474,374.29456565780634,403.0864553237915,374.10741837497744,374.29456565780634,STOP_LOSS,3,-2.5487500000000076,0.15,-2.6987500000000075,-2.6987500000000075,PFC.BO,BSE,Power Finance Corporation
2026-02-03,2026-02-04,2026-02-04,LONG,748.2239005737305,729.5183030593872,785.635095602417,729.1535439078576,729.5183030593872,STOP_LOSS,1,-2.5487499999999863,0.15,-2.698749999999986,-2.698749999999986,RUBICON.BO,BSE,Rubicon Research
2026-02-04,2026-02-05,2026-02-05,LONG,109.85490305328369,107.1085304769516,115.34764820594788,107.05497621171313,107.1085304769516,STOP_LOSS,1,-2.548749999999999,0.15,-2.698749999999999,-2.698749999999999,IDBI.NS,NSE,IDBI Bank Limited
2026-02-03,2026-02-04,2026-02-05,LONG,167.43368110656738,163.24783907890318,175.80536516189576,175.71746247931483,175.80536516189576,TARGET,2,4.94750000000002,0.15,4.79750000000002,4.79750000000002,IOC.BO,BSE,Indian Oil Corporation
2026-02-04,2026-02-05,2026-02-06,LONG,121.86090305328368,118.81438047695158,127.95394820594787,118.75497328671311,118.81438047695158,STOP_LOSS,2,-2.5487500000000005,0.15,-2.6987500000000004,-2.6987500000000004,MOTHERSON.BO,BSE,Samvardhana Motherson International
2026-02-04,2026-02-05,2026-02-06,LONG,122.0109719467163,118.96069764804838,128.11152054405213,118.90121729922436,118.96069764804838,STOP_LOSS,2,-2.5487500000000067,0.15,-2.6987500000000066,-2.6987500000000066,MOTHERSON.NS,NSE,Samvardhana Motherson International Limited
2026-02-05,2026-02-06,2026-02-10,LONG,152.076,148.2741,159.6798,148.19996295,148.2741,STOP_LOSS,3,-2.5487499999999863,0.15,-2.698749999999986,-2.698749999999986,ADANIPOWER.BO,BSE,Adani Power
2026-02-05,2026-02-06,2026-02-10,LONG,152.076,148.2741,159.6798,148.19996295,148.2741,STOP_LOSS,3,-2.5487499999999863,0.15,-2.698749999999986,-2.698749999999986,ADANIPOWER.NS,NSE,Adani Power Limited
2026-02-09,2026-02-10,2026-02-13,LONG,220.6602780532837,215.1437711019516,231.69329195594787,215.03619921640063,215.1437711019516,STOP_LOSS,4,-2.5487499999999956,0.15,-2.6987499999999955,-2.6987499999999955,EPL.BO,BSE,EPL
2026-02-25,2026-02-26,2026-02-27,LONG,669.3344999999999,652.6011374999999,702.8012249999999,652.27483693125,652.6011374999999,STOP_LOSS,2,-2.548749999999994,0.15,-2.6987499999999938,-2.6987499999999938,ICICIPRULI.BO,BSE,ICICI Prudential Life Insurance
2026-02-23,2026-02-24,2026-03-02,LONG,156.0279719467163,152.12727264804838,163.82937054405213,152.05120901172435,152.12727264804838,STOP_LOSS,5,-2.548750000000005,0.15,-2.698750000000005,-2.698750000000005,CANBK.NS,NSE,Canara Bank
2026-02-24,2026-02-25,2026-03-02,SHORT,255.37225,261.75655624999996,242.6036375,242.72493931875,242.6036375,TARGET,4,4.952500000000008,0.15,4.802500000000007,4.802500000000007,ETERNAL.BO,BSE,Eternal
2026-02-24,2026-02-25,2026-03-02,SHORT,255.0723969497681,261.44920687351225,242.31877710227968,242.4399364908308,242.31877710227968,TARGET,4,4.952500000000009,0.15,4.802500000000008,4.802500000000008,ETERNAL.NS,NSE,ETERNAL LIMITED
2026-03-02,2026-03-04,2026-03-04,SHORT,74.97249713516236,76.84680956354141,71.22387227840423,76.88523296832318,76.84680956354141,STOP_LOSS,1,-2.5512499999999916,0.15,-2.7012499999999915,-2.7012499999999915,CUPID.BO,BSE,Cupid
2026-03-02,2026-03-04,2026-03-04,SHORT,75.16239694976807,77.04145687351226,71.40427710227966,77.07997760194901,77.04145687351226,STOP_LOSS,1,-2.5512499999999827,0.15,-2.7012499999999826,-2.7012499999999826,CUPID.NS,NSE,Cupid Limited
2026-03-04,2026-03-05,2026-03-09,SHORT,22.258865457534792,22.81533709397316,21.14592218465805,21.15649514575038,21.14592218465805,TARGET,3,4.952500000000007,0.15,4.802500000000006,4.802500000000006,FCL.NS,NSE,Fineotex Chemical Limited
2026-03-04,2026-03-05,2026-03-09,SHORT,626.7864255981445,642.4560862380981,595.4471043182373,595.7448278703964,595.4471043182373,TARGET,3,4.952500000000002,0.15,4.802500000000002,4.802500000000002,ICICIPRULI.BO,BSE,ICICI Prudential Life Insurance
2026-03-04,2026-03-05,2026-03-09,SHORT,112.9435,115.76708749999999,107.296325,107.34997316249999,107.296325,TARGET,3,4.952500000000007,0.15,4.802500000000006,4.802500000000006,VMM.BO,BSE,Vishal Mega Mart
2026-03-04,2026-03-05,2026-03-09,SHORT,112.9435,115.76708749999999,107.296325,107.34997316249999,107.296325,TARGET,3,4.952500000000007,0.15,4.802500000000006,4.802500000000006,VMM.NS,NSE,Vishal Mega Mart Limited
2026-03-02,2026-03-04,2026-03-09,SHORT,82.9585,85.0324625,78.810575,78.84998028749999,78.810575,TARGET,4,4.952500000000015,0.15,4.802500000000014,4.802500000000014,ZEEL.BO,BSE,Zee Entertainment
2026-03-09,2026-03-10,2026-03-10,SHORT,93.953,96.301825,89.25534999999999,96.34997591249999,96.301825,STOP_LOSS,1,-2.5512499999999814,0.15,-2.7012499999999813,-2.7012499999999813,GMRAIRPORT.NS,NSE,GMR AIRPORTS LIMITED
2026-03-10,2026-03-11,2026-03-11,LONG,91.99597194671631,89.6960726480484,96.59577054405213,89.65122461172439,89.6960726480484,STOP_LOSS,1,-2.5487499999999894,0.15,-2.6987499999999893,-2.6987499999999893,CUPID.BO,BSE,Cupid
2026-03-10,2026-03-11,2026-03-11,LONG,91.795875,89.50097812499999,96.38566875,89.4562276359375,89.50097812499999,STOP_LOSS,1,-2.5487500000000005,0.15,-2.6987500000000004,-2.6987500000000004,CUPID.NS,NSE,Cupid Limited
2026-03-09,2026-03-10,2026-03-13,SHORT,142.42875,145.98946875,135.3073125,135.37496615625,135.3073125,TARGET,4,4.952500000000008,0.15,4.802500000000007,4.802500000000007,CANBK.NS,NSE,Canara Bank
2026-03-12,2026-03-13,2026-03-13,LONG,76.038,74.13705,79.8399,74.099981475,74.13705,STOP_LOSS,1,-2.5487499999999863,0.15,-2.698749999999986,-2.698749999999986,HFCL.NS,NSE,HFCL Limited
2026-03-02,2026-03-04,2026-03-13,SHORT,82.46874713516236,84.53046581354141,78.34530977840424,78.38448243329344,78.34530977840424,TARGET,8,4.952500000000002,0.15,4.802500000000002,4.802500000000002,ZEEL.NS,NSE,Zee Entertainment Enterprises Limited
2026-03-10,2026-03-11,2026-03-16,SHORT,160.86952194976809,164.89125999851228,152.82604585227966,152.90245887520578,152.82604585227966,TARGET,4,4.9525000000000245,0.15,4.802500000000024,4.802500000000024,IOC.BO,BSE,Indian Oil Corporation
2026-03-13,2026-03-16,2026-03-16,LONG,512.8062627868652,499.98610621719354,538.4465759262085,499.73611316408494,499.98610621719354,STOP_LOSS,1,-2.548750000000007,0.15,-2.698750000000007,-2.698750000000007,JSWENERGY.BO,BSE,JSW Energy
2026-03-06,2026-03-09,2026-03-16,SHORT,116.19187500000001,119.096671875,110.38228125,110.437472390625,110.38228125,TARGET,6,4.952500000000005,0.15,4.802500000000005,4.802500000000005,PNB.NS,NSE,Punjab National Bank
2026-03-27,2026-03-30,2026-04-01,SHORT,1334.3325,1367.6908124999998,1267.615875,1368.3746579062497,1367.6908124999998,STOP_LOSS,3,-2.5512499999999787,0.15,-2.7012499999999786,-2.7012499999999786,500325.BO,BSE,Reliance Industries
2026-03-30,2026-04-01,2026-04-01,SHORT,158.42075,162.38126874999998,150.4997125,162.46245938437497,162.38126874999998,STOP_LOSS,1,-2.55124999999998,0.15,-2.70124999999998,-2.70124999999998,GROWW.BO,BSE,Groww
2026-03-30,2026-04-01,2026-04-01,SHORT,157.92100000000002,161.869025,150.02495000000002,161.9499595125,161.869025,STOP_LOSS,1,-2.5512499999999787,0.15,-2.7012499999999786,-2.7012499999999786,GROWW.NS,NSE,Billionbrains Garage Ventures Limited
2026-04-01,2026-04-02,2026-04-02,LONG,681.3905127868652,664.3557499671936,715.4600384262085,664.02357209221,664.3557499671936,STOP_LOSS,1,-2.54875,0.15,-2.69875,-2.69875,ASTERDM.BO,BSE,Aster DM Quality Care
2026-04-06,2026-04-07,2026-04-07,LONG,88.3341459159851,86.12579226808548,92.75085321178436,86.08272937195144,86.12579226808548,STOP_LOSS,1,-2.548749999999988,0.15,-2.698749999999988,-2.698749999999988,CUPID.BO,BSE,Cupid
2026-04-06,2026-04-07,2026-04-07,LONG,88.044,85.8429,92.4462,85.79997855,85.8429,STOP_LOSS,1,-2.54874999999999,0.15,-2.6987499999999898,-2.6987499999999898,CUPID.NS,NSE,Cupid Limited
2026-04-02,2026-04-06,2026-04-08,LONG,214.0569719467163,208.70554764804837,224.7598205440521,224.6474406337801,224.7598205440521,TARGET,3,4.947500000000008,0.15,4.797500000000007,4.797500000000007,EPL.BO,BSE,EPL
2026-04-08,2026-04-09,2026-04-10,LONG,182.1410280532837,177.5875023519516,191.24807945594787,191.1524554162199,191.24807945594787,TARGET,2,4.947500000000004,0.15,4.797500000000004,4.797500000000004,GROWW.BO,BSE,Groww
2026-04-08,2026-04-09,2026-04-10,LONG,182.09099999999998,177.53872499999997,191.19555,191.099952225,191.19555,TARGET,2,4.9475000000000176,0.15,4.797500000000017,4.797500000000017,GROWW.NS,NSE,Billionbrains Garage Ventures Limited
2026-04-10,2026-04-13,2026-04-15,LONG,530.265,517.008375,556.77825,556.499860875,556.77825,TARGET,2,4.947499999999996,0.15,4.797499999999996,4.797499999999996,LENSKART.NS,NSE,Lenskart Solutions Limited
2026-04-10,2026-04-13,2026-04-15,LONG,424.71225,414.09444375,445.9478625,445.72488856875003,445.9478625,TARGET,2,4.947500000000011,0.15,4.797500000000011,4.797500000000011,PFC.BO,BSE,Power Finance Corporation
2026-04-08,2026-04-09,2026-04-15,LONG,726.2629744262695,708.1064000656127,762.576123147583,762.1948350860092,762.576123147583,TARGET,4,4.9475000000000104,0.15,4.79750000000001,4.79750000000001,VEDL.BO,BSE,Vedanta
2026-04-08,2026-04-09,2026-04-15,LONG,725.3625,707.2284374999999,761.630625,761.2498096875,761.630625,TARGET,4,4.947500000000011,0.15,4.797500000000011,4.797500000000011,VEDL.NS,NSE,Vedanta Limited
2026-04-09,2026-04-10,2026-04-17,LONG,85.13254133605956,83.00422780265806,89.38916840286254,89.34447381866111,89.38916840286254,TARGET,5,4.947500000000009,0.15,4.797500000000008,4.797500000000008,NMDC.BO,BSE,NMDC
2026-04-09,2026-04-10,2026-04-17,LONG,85.04249999999999,82.91643749999999,89.294625,89.2499776875,89.294625,TARGET,5,4.94750000000002,0.15,4.79750000000002,4.79750000000002,NMDC.NS,NSE,NMDC Limited
2026-04-08,2026-04-09,2026-04-17,LONG,164.49220866394043,160.37990344734192,172.71681909713746,172.6304606875889,172.71681909713746,TARGET,6,4.947500000000014,0.15,4.797500000000014,4.797500000000014,SAIL.NS,NSE,Steel Authority of India Limited
2026-04-10,2026-04-13,2026-04-20,LONG,536.1179005737305,522.7149530593872,562.923795602417,522.4535955828576,522.7149530593872,STOP_LOSS,5,-2.548749999999988,0.15,-2.698749999999988,-2.698749999999988,LENSKART.BO,BSE,Lenskart Solutions
2026-04-13,2026-04-15,2026-04-27,LONG,392.04593110656737,382.24478282890317,411.64822766189576,411.4424035480648,411.64822766189576,TARGET,9,4.947500000000008,0.15,4.797500000000007,4.797500000000007,NTPC.BO,BSE,NTPC
2026-04-30,2026-05-04,2026-05-04,SHORT,277.861,284.80752499999994,263.96795,284.94992876249995,284.80752499999994,STOP_LOSS,1,-2.5512499999999863,0.15,-2.701249999999986,-2.701249999999986,VEDL.BO,BSE,Vedanta
2026-04-30,2026-05-01,2026-05-04,SHORT,271.4142127990723,278.19956811904905,257.84350215911866,278.33866790310856,278.19956811904905,STOP_LOSS,2,-2.5512499999999774,0.15,-2.7012499999999773,-2.7012499999999773,VEDL.NS,NSE,Vedanta Limited
2026-04-30,2026-05-01,2026-05-06,SHORT,162.00895133972168,166.05917512321471,153.90850377273557,166.14220471077633,166.05917512321471,STOP_LOSS,4,-2.5512500000000005,0.15,-2.7012500000000004,-2.7012500000000004,ASHOKLEY.NS,NSE,Ashok Leyland Limited
2026-04-28,2026-04-29,2026-05-07,LONG,472.48612499999996,460.67397187499995,496.11043125,460.4436348890625,460.67397187499995,STOP_LOSS,6,-2.5487499999999956,0.15,-2.6987499999999955,-2.6987499999999955,COALINDIA.BO,BSE,Coal India
2026-05-04,2026-05-05,2026-05-08,LONG,61.450708168029784,59.91444046382904,64.52324357643127,64.49098195464306,64.52324357643127,TARGET,4,4.947500000000005,0.15,4.797500000000005,4.797500000000005,UJJIVANSFB.BO,BSE,Ujjivan Small Finance Bank
2026-05-04,2026-05-05,2026-05-08,LONG,61.43070152664184,59.89493398847579,64.50223660297394,64.46998548467245,64.50223660297394,TARGET,4,4.947500000000006,0.15,4.797500000000006,4.797500000000006,UJJIVANSFB.NS,NSE,Ujjivan Small Finance Bank Limited
2026-04-23,2026-04-24,2026-05-12,SHORT,1205.2970744018555,1235.4295012619018,1145.0322206817627,1145.6047367921035,1145.0322206817627,TARGET,12,4.952500000000011,0.15,4.802500000000011,4.802500000000011,500209.BO,BSE,Infosys
2026-05-14,2026-05-15,2026-05-18,SHORT,156.62164694976806,160.53718812351224,148.79056460227966,148.8649598845808,148.79056460227966,TARGET,2,4.952500000000001,0.15,4.8025,4.8025,PINELABS.BO,BSE,Pine Labs
2026-05-14,2026-05-15,2026-05-18,SHORT,156.32179389953615,160.22983874702453,148.50570420455932,148.57995705666158,148.50570420455932,TARGET,2,4.952500000000022,0.15,4.8025000000000215,4.8025000000000215,PINELABS.NS,NSE,Pine Labs Limited
2026-05-15,2026-05-18,2026-05-21,SHORT,1335.332,1368.7153,1268.5654,1369.39965765,1368.7153,STOP_LOSS,4,-2.5512499999999996,0.15,-2.7012499999999995,-2.7012499999999995,500325.BO,BSE,Reliance Industries
2026-05-13,2026-05-14,2026-05-22,SHORT,232.88350000000003,238.7055875,221.239325,238.82494029375,238.7055875,STOP_LOSS,7,-2.5512499999999836,0.15,-2.7012499999999835,-2.7012499999999835,JIOFIN.NS,NSE,Jio Financial Services Limited
2026-05-18,2026-05-19,2026-05-26,SHORT,516.5915505981445,529.506339363098,490.7619730682373,529.7710925327796,529.506339363098,STOP_LOSS,6,-2.5512499999999765,0.15,-2.7012499999999764,-2.7012499999999764,ICICIPRULI.BO,BSE,ICICI Prudential Life Insurance
2026-05-22,2026-05-25,2026-05-26,LONG,163.43168110656737,159.34588907890318,171.60326516189573,171.5174635293148,171.60326516189573,TARGET,2,4.947500000000005,0.15,4.797500000000005,4.797500000000005,SAMMAANCAP.BO,BSE,Sammaan Capital
2026-05-18,2026-05-19,2026-05-26,SHORT,54.262855915069586,55.61942731294632,51.5497131193161,55.64723702660279,55.61942731294632,STOP_LOSS,6,-2.5512499999999796,0.15,-2.7012499999999795,-2.7012499999999795,UJJIVANSFB.BO,BSE,Ujjivan Small Finance Bank
2026-05-18,2026-05-19,2026-05-26,SHORT,54.472750000000005,55.83456875,51.7491125,55.862486034375,55.83456875,STOP_LOSS,6,-2.551249999999996,0.15,-2.701249999999996,-2.701249999999996,UJJIVANSFB.NS,NSE,Ujjivan Small Finance Bank Limited
2026-05-25,2026-05-26,2026-05-27,LONG,421.06043110656736,410.53392032890315,442.11345266189574,410.32865336873874,410.53392032890315,STOP_LOSS,2,-2.548749999999997,0.15,-2.698749999999997,-2.698749999999997,LICI.NS,NSE,Life Insurance Corporation Of India
2026-05-26,2026-05-27,2026-05-29,LONG,583.9418494262695,569.3433031906128,613.138941897583,612.8323724266343,613.138941897583,TARGET,3,4.947500000000009,0.15,4.797500000000008,4.797500000000008,JSWENERGY.BO,BSE,JSW Energy
2026-05-29,2026-06-01,2026-06-01,LONG,100.85040305328369,98.32914297695159,105.89292320594788,98.27997840546311,98.32914297695159,STOP_LOSS,1,-2.5487500000000054,0.15,-2.6987500000000053,-2.6987500000000053,GMRAIRPORT.BO,BSE,GMR Airports
2026-05-29,2026-06-01,2026-06-01,LONG,101.0505,98.5242375,106.103025,98.47497538125,98.5242375,STOP_LOSS,1,-2.548749999999995,0.15,-2.698749999999995,-2.698749999999995,GMRAIRPORT.NS,NSE,GMR AIRPORTS LIMITED
2026-05-27,2026-05-28,2026-06-02,LONG,71.37566633605957,69.59127467765808,74.94444965286255,69.55647904031925,69.59127467765808,STOP_LOSS,4,-2.5487500000000036,0.15,-2.6987500000000035,-2.6987500000000035,IDFCFIRSTB.BO,BSE,IDFC First Bank
2026-05-27,2026-05-28,2026-06-02,LONG,71.51574335861206,69.72784977464676,75.09153052654266,69.69298584975944,69.72784977464676,STOP_LOSS,4,-2.5487499999999907,0.15,-2.6987499999999907,-2.6987499999999907,IDFCFIRSTB.NS,NSE,IDFC First Bank Limited
2026-06-01,2026-06-02,2026-06-03,LONG,94.44720152664183,92.08602148847578,99.16956160297393,92.03997847773155,92.08602148847578,STOP_LOSS,2,-2.5487499999999983,0.15,-2.698749999999998,-2.698749999999998,ZEEL.BO,BSE,Zee Entertainment
2026-06-01,2026-06-02,2026-06-03,LONG,94.43719438934326,92.07626452960967,99.15905410881042,92.03022639734488,92.07626452960967,STOP_LOSS,2,-2.5487499999999987,0.15,-2.6987499999999986,-2.6987499999999986,ZEEL.NS,NSE,Zee Entertainment Enterprises Limited
2026-05-12,2026-05-13,2026-06-09,SHORT,975.5619627990724,999.9510118690491,926.7838646591188,1000.4509873749836,999.9510118690491,STOP_LOSS,19,-2.551249999999987,0.15,-2.701249999999987,-2.701249999999987,500112.BO,BSE,State Bank of India
2026-06-11,2026-06-12,2026-06-15,SHORT,1120.6393511962892,1148.6553349761964,1064.6073836364747,1149.2296626436844,1148.6553349761964,STOP_LOSS,2,-2.551249999999984,0.15,-2.701249999999984,-2.701249999999984,500209.BO,BSE,Infosys
2026-06-11,2026-06-12,2026-06-15,SHORT,239.58014694976808,245.56965062351225,227.60113960227966,245.692435448824,245.56965062351225,STOP_LOSS,2,-2.551249999999985,0.15,-2.701249999999985,-2.701249999999985,ETERNAL.BO,BSE,Eternal
2026-06-11,2026-06-12,2026-06-15,SHORT,238.8805,244.8525125,226.936475,244.97493875624997,244.8525125,STOP_LOSS,2,-2.551249999999982,0.15,-2.7012499999999817,-2.7012499999999817,ETERNAL.NS,NSE,ETERNAL LIMITED
2026-06-12,2026-06-15,2026-06-17,SHORT,447.776,458.9704,425.3872,459.1998852,458.9704,STOP_LOSS,3,-2.551249999999994,0.15,-2.7012499999999937,-2.7012499999999937,COALINDIA.BO,BSE,Coal India
2026-06-17,2026-06-18,2026-06-18,LONG,235.36762499999998,229.48343437499997,247.13600624999998,229.3686926578125,229.48343437499997,STOP_LOSS,1,-2.5487499999999947,0.15,-2.6987499999999947,-2.6987499999999947,EPL.BO,BSE,EPL
2026-06-17,2026-06-18,2026-06-19,LONG,419.9098622131347,409.41211565780634,440.90535532379147,440.6849026461296,440.90535532379147,TARGET,2,4.947500000000014,0.15,4.797500000000014,4.797500000000014,LICI.NS,NSE,Life Insurance Corporation Of India
2026-06-18,2026-06-19,2026-06-19,LONG,113.5067219467163,110.66905389804839,119.18205804405211,119.1224670150301,119.18205804405211,TARGET,1,4.94750000000001,0.15,4.797500000000009,4.797500000000009,PWL.BO,BSE,Physicswallah
2026-06-18,2026-06-19,2026-06-19,LONG,114.307125,111.44944687499999,120.02248125,119.96247000937501,120.02248125,TARGET,1,4.9475000000000104,0.15,4.79750000000001,4.79750000000001,PWL.NS,NSE,Physicswallah Limited
2026-06-19,2026-06-22,2026-06-23,LONG,265.9829311065674,259.33335782890316,279.28207766189576,259.20369114998874,259.33335782890316,STOP_LOSS,2,-2.5487499999999996,0.15,-2.6987499999999995,-2.6987499999999995,ETERNAL.BO,BSE,Eternal
2026-06-19,2026-06-22,2026-06-23,LONG,264.63225,258.01644375,277.86386250000004,257.887435528125,258.01644375,STOP_LOSS,2,-2.5487499999999903,0.15,-2.69874999999999,-2.69874999999999,ETERNAL.NS,NSE,ETERNAL LIMITED
2026-06-16,2026-06-17,2026-06-23,LONG,188.094,183.39165,197.4987,197.39995065000002,197.4987,TARGET,5,4.947500000000015,0.15,4.7975000000000145,4.7975000000000145,IXIGO.BO,BSE,Le Travenues Technology (IXIGO)
2026-06-16,2026-06-17,2026-06-25,LONG,957.1783622131347,933.2489031578064,1005.0372803237915,1004.5347616836297,1005.0372803237915,TARGET,6,4.947500000000008,0.15,4.797500000000007,4.797500000000007,500034.BO,BSE,Bajaj Finance
2026-06-18,2026-06-19,2026-07-06,LONG,789.0943622131347,769.3670031578063,828.5490803237915,828.1348057836296,828.5490803237915,TARGET,12,4.9475000000000176,0.15,4.797500000000017,4.797500000000017,HDFCBANK.NS,NSE,HDFC Bank Limited
2026-07-06,2026-07-07,2026-07-07,LONG,33.71685076332092,32.8739294942379,35.40269330148697,32.857492529490784,32.8739294942379,STOP_LOSS,1,-2.5487499999999823,0.15,-2.698749999999982,-2.698749999999982,SHUKRAPHAR.BO,BSE,Shukra Pharmaceuticals
2026-06-29,2026-06-30,2026-07-10,SHORT,126.83655152511598,130.00746531324387,120.49472394886017,130.07246904590048,130.00746531324387,STOP_LOSS,9,-2.5512499999999805,0.15,-2.7012499999999804,-2.7012499999999804,CANBK.NS,NSE,Canara Bank
2026-07-08,2026-07-09,2026-07-10,SHORT,230.43472805023194,236.19559625148773,218.91299164772033,236.31369404961345,236.19559625148773,STOP_LOSS,2,-2.5512499999999845,0.15,-2.7012499999999844,-2.7012499999999844,JIOFIN.BO,BSE,Jio Financial Services
2026-07-08,2026-07-09,2026-07-10,SHORT,230.8845,236.6566125,219.340275,236.77494080625,236.6566125,STOP_LOSS,2,-2.551249999999993,0.15,-2.701249999999993,-2.701249999999993,JIOFIN.NS,NSE,Jio Financial Services Limited
2026-07-09,2026-07-10,2026-07-10,LONG,449.2245,437.99388749999997,471.685725,471.4498821375,471.685725,TARGET,1,4.947500000000011,0.15,4.797500000000011,4.797500000000011,KALYANKJIL.BO,BSE,Kalyan Jewellers
2026-07-08,2026-07-09,2026-07-10,SHORT,142.9285,146.5017125,135.78207500000002,146.57496335624998,146.5017125,STOP_LOSS,2,-2.551249999999977,0.15,-2.701249999999977,-2.701249999999977,PINELABS.BO,BSE,Pine Labs
2026-07-08,2026-07-09,2026-07-10,SHORT,142.76857633972168,146.3377907482147,135.6301475227356,146.4109596435888,146.3377907482147,STOP_LOSS,2,-2.55124999999998,0.15,-2.70124999999998,-2.70124999999998,PINELABS.NS,NSE,Pine Labs Limited
2026-07-07,2026-07-08,2026-07-14,SHORT,543.9279122009277,557.5261100059508,516.7315165908813,557.8048730609538,557.5261100059508,STOP_LOSS,5,-2.551249999999985,0.15,-2.701249999999985,-2.701249999999985,JSWENERGY.BO,BSE,JSW Energy
2026-07-15,2026-07-16,2026-07-16,LONG,219.70980610656738,214.2170609539032,230.69529641189575,214.10995242342625,214.2170609539032,STOP_LOSS,1,-2.548749999999999,0.15,-2.698749999999999,-2.698749999999999,GROWW.BO,BSE,Groww
2026-07-15,2026-07-16,2026-07-16,LONG,219.79984744262694,214.30485125656125,230.7898398147583,214.19769883093298,214.30485125656125,STOP_LOSS,1,-2.5487500000000036,0.15,-2.6987500000000035,-2.6987500000000035,GROWW.NS,NSE,Billionbrains Garage Ventures Limited
2026-07-16,2026-07-17,2026-07-17,LONG,32.816399236679075,31.995989255762098,34.45721919851303,31.979991261134217,31.995989255762098,STOP_LOSS,1,-2.548750000000002,0.15,-2.6987500000000018,-2.6987500000000018,JINDWORLD.NS,NSE,Jindal Worldwide Limited
2026-07-15,2026-07-16,2026-07-20,LONG,84.042,81.94095,88.2441,81.899979525,81.94095,STOP_LOSS,3,-2.5487499999999943,0.15,-2.698749999999994,-2.698749999999994,TFCILTD.BO,BSE,Tourism Finance Corporation of India
2026-07-23,2026-07-24,2026-07-24,LONG,43.42170152664184,42.336158988475795,45.59278660297393,42.31499090898156,42.336158988475795,STOP_LOSS,1,-2.5487499999999987,0.15,-2.6987499999999986,-2.6987499999999986,FCL.NS,NSE,Fineotex Chemical Limited
2026-07-20,2026-07-21,2026-07-24,LONG,111.7558469467163,108.9619507730484,117.34363929405212,108.90746979766188,108.9619507730484,STOP_LOSS,4,-2.5487499999999974,0.15,-2.6987499999999973,-2.6987499999999973,PNB.NS,NSE,Punjab National Bank
2026-07-29,2026-07-30,2026-07-31,LONG,287.1935127868652,280.01367496719354,301.55318842620846,279.87366812971,280.01367496719354,STOP_LOSS,2,-2.548749999999996,0.15,-2.698749999999996,-2.698749999999996,SWIGGY.BO,BSE,Swiggy
2026-07-29,2026-07-30,2026-08-03,LONG,248.42415305328367,242.21354922695159,260.8453607059479,260.7149380255949,260.8453607059479,TARGET,3,4.947500000000008,0.15,4.797500000000007,4.797500000000007,JIOFIN.BO,BSE,Jio Financial Services
2026-07-29,2026-07-30,2026-08-03,LONG,248.874375,242.65251562499998,261.31809375,261.187434703125,261.31809375,TARGET,3,4.947500000000008,0.15,4.797500000000007,4.797500000000007,JIOFIN.NS,NSE,Jio Financial Services Limited
2026-07-27,2026-07-28,2026-08-03,LONG,147.5237219467163,143.83562889804838,154.89990804405213,154.8224580900301,154.89990804405213,TARGET,5,4.9475,0.15,4.797499999999999,4.797499999999999,MOTHERSON.BO,BSE,Samvardhana Motherson International
2026-07-27,2026-07-28,2026-08-03,LONG,147.0735,143.3966625,154.427175,154.34996141250002,154.427175,TARGET,5,4.9475000000000176,0.15,4.797500000000017,4.797500000000017,MOTHERSON.NS,NSE,Samvardhana Motherson International Limited
2026-07-31,2026-08-03,2026-08-03,LONG,251.72580610656738,245.4326609539032,264.31209641189577,245.30994462342625,245.4326609539032,STOP_LOSS,1,-2.548749999999997,0.15,-2.698749999999997,-2.698749999999997,SHADOWFAX.BO,BSE,Shadowfax Technologies
2026-07-29,2026-07-30,2026-08-03,LONG,286.1329852294922,278.9796605987549,300.4396344909668,278.84017076845555,278.9796605987549,STOP_LOSS,3,-2.548749999999986,0.15,-2.6987499999999858,-2.6987499999999858,SWIGGY.NS,NSE,Swiggy Limited
2026-08-03,2026-08-04,2026-08-04,LONG,148.07399999999998,144.37214999999998,155.4777,144.299963925,144.37214999999998,STOP_LOSS,1,-2.5487499999999987,0.15,-2.6987499999999986,-2.6987499999999986,URBANCO.BO,BSE,Urban Company
2026-08-03,2026-08-04,2026-08-04,LONG,148.54423622131347,144.83063031578064,155.97144803237916,144.75821500062276,144.83063031578064,STOP_LOSS,1,-2.5487499999999907,0.15,-2.6987499999999907,-2.6987499999999907,URBANCO.NS,NSE,Urban Company Limited
2026-07-31,2026-08-03,2026-08-05,LONG,169.36463877868653,165.13052280921937,177.83287071762086,177.74395428226205,177.83287071762086,TARGET,3,4.947500000000006,0.15,4.797500000000006,4.797500000000006,ASHOKLEY.NS,NSE,Ashok Leyland Limited
2026-08-04,2026-08-05,2026-08-05,LONG,73.27661786270141,71.44470241613388,76.94044875583648,76.90197853145857,76.94044875583648,TARGET,1,4.947500000000002,0.15,4.797500000000001,4.797500000000001,MOREPENLAB.NS,NSE,Morepen Laboratories Limited
2026-08-06,2026-08-07,2026-08-07,LONG,37.32865637397766,36.39543996462822,39.19508919267654,39.175491648080204,39.19508919267654,TARGET,1,4.9475000000000025,0.15,4.797500000000002,4.797500000000002,SHUKRAPHAR.BO,BSE,Shukra Pharmaceuticals
2026-08-07,2026-08-10,2026-08-10,SHORT,176.61164694976807,181.02693812351225,167.78106460227966,181.11745159257399,181.02693812351225,STOP_LOSS,1,-2.5512499999999743,0.15,-2.701249999999974,-2.701249999999974,IXIGO.BO,BSE,Le Travenues Technology (IXIGO)
2026-08-06,2026-08-07,2026-08-10,LONG,95.50772908401488,93.12003585691451,100.28311553821563,93.07347583898606,93.12003585691451,STOP_LOSS,2,-2.548749999999998,0.15,-2.6987499999999978,-2.6987499999999978,SBFC.BO,BSE,SBFC Finance
2026-08-10,2026-08-11,2026-08-11,LONG,43.37167347335815,42.287381636524195,45.54025714702606,42.26623794570594,42.287381636524195,STOP_LOSS,1,-2.5487499999999903,0.15,-2.69874999999999,-2.69874999999999,FCL.NS,NSE,Fineotex Chemical Limited
2026-08-10,2026-08-11,2026-08-11,LONG,162.81136072540284,158.74107670726775,170.95192876167297,170.86645279729214,170.95192876167297,TARGET,1,4.9475,0.15,4.797499999999999,4.797499999999999,PINELABS.NS,NSE,Pine Labs Limited
2026-08-05,2026-08-06,2026-08-11,SHORT,95.05244847488405,97.42875968675614,90.29982605113985,90.34497596416541,90.29982605113985,TARGET,4,4.952499999999999,0.15,4.802499999999998,4.802499999999998,ZEEL.BO,BSE,Zee Entertainment
2026-08-05,2026-08-06,2026-08-11,SHORT,94.9525,97.32631249999999,90.204875,90.2499774375,90.204875,TARGET,4,4.952500000000008,0.15,4.802500000000007,4.802500000000007,ZEEL.NS,NSE,Zee Entertainment Enterprises Limited
2026-08-12,2026-08-13,2026-08-20,LONG,245.22255610656737,239.09199220390317,257.48368391189575,257.3549420699398,257.48368391189575,TARGET,6,4.947500000000003,0.15,4.797500000000003,4.797500000000003,EPL.BO,BSE,EPL
2026-08-10,2026-08-11,2026-08-20,SHORT,385.807,395.45217499999995,366.51664999999997,366.69990832499997,366.51664999999997,TARGET,8,4.952500000000012,0.15,4.802500000000012,4.802500000000012,PFC.BO,BSE,Power Finance Corporation
2026-08-25,2026-08-26,2026-08-26,LONG,87.39367347335815,85.2088316365242,91.76335714702606,91.71747546845255,91.76335714702606,TARGET,1,4.947500000000005,0.15,4.797500000000005,4.797500000000005,IDBI.NS,NSE,IDBI Bank Limited
2026-08-14,2026-08-17,2026-08-26,SHORT,183.40825,187.99345624999998,174.2378375,188.08745297812496,187.99345624999998,STOP_LOSS,8,-2.5512499999999716,0.15,-2.7012499999999715,-2.7012499999999715,TATASTEEL.NS,NSE,Tata Steel Limited
2026-08-26,2026-08-27,2026-08-27,LONG,258.82936221313474,252.35862815780638,271.7708303237915,252.2324488437275,252.35862815780638,STOP_LOSS,1,-2.5487499999999903,0.15,-2.69874999999999,-2.69874999999999,CGCL.BO,BSE,Capri Global Capital
2026-07-22,2026-07-23,2026-08-27,SHORT,749.0253244018555,767.7509575119019,711.5740581817627,711.9298452108535,711.5740581817627,TARGET,26,4.952500000000018,0.15,4.802500000000018,4.802500000000018,HDFCBANK.NS,NSE,HDFC Bank Limited
2026-08-26,2026-08-27,2026-08-27,LONG,88.45420866394042,86.24285344734191,92.87691909713745,86.19973202061824,86.24285344734191,STOP_LOSS,1,-2.548749999999996,0.15,-2.698749999999996,-2.698749999999996,NMDC.BO,BSE,NMDC
2026-08-26,2026-08-27,2026-08-27,LONG,88.54424999999999,86.33064375,92.9714625,86.287478428125,86.33064375,STOP_LOSS,1,-2.5487499999999916,0.15,-2.6987499999999915,-2.6987499999999915,NMDC.NS,NSE,NMDC Limited
2026-08-27,2026-08-28,2026-08-28,LONG,182.2410688934326,177.6850421710968,191.35312233810424,191.2574457769352,191.35312233810424,TARGET,1,4.947500000000013,0.15,4.797500000000013,4.797500000000013,AYE.BO,BSE,Aye Finance
2026-08-12,2026-08-13,2026-08-31,SHORT,276.06191220092774,282.9634600059509,262.25881659088134,262.38994599917675,262.25881659088134,TARGET,13,4.952500000000016,0.15,4.802500000000015,4.802500000000015,ITC.NS,NSE,ITC Limited
2026-08-31,2026-09-01,2026-09-01,LONG,39.369673473358155,38.3854316365242,41.33815714702607,41.317488068452555,41.33815714702607,TARGET,1,4.947500000000012,0.15,4.797500000000012,4.797500000000012,JINDWORLD.NS,NSE,Jindal Worldwide Limited
2026-08-19,2026-08-20,2026-09-01,SHORT,545.1273244018555,558.7555075119019,517.8709581817627,518.1298936608536,517.8709581817627,TARGET,9,4.95250000000001,0.15,4.80250000000001,4.80250000000001,JSWENERGY.BO,BSE,JSW Energy
2026-08-31,2026-09-01,2026-09-02,SHORT,538.8304255981445,552.3011862380981,511.8889043182373,512.1448487703964,511.8889043182373,TARGET,2,4.952500000000008,0.15,4.802500000000007,4.802500000000007,TENNIND.BO,BSE,Tenneco Clean Air
2026-08-31,2026-09-01,2026-09-04,SHORT,94.44275286483766,96.80382168645859,89.72061522159576,91.38566633605957,91.33999633789062,TIME_EXIT,4,3.2369731250350724,0.15,3.0869731250350725,3.0869731250350725,ZEEL.BO,BSE,Zee Entertainment
2026-08-31,2026-09-01,2026-09-04,SHORT,93.953,96.301825,89.25534999999999,91.65580561065673,91.61000061035156,TIME_EXIT,4,2.4450463416211035,0.15,2.2950463416211035,2.2950463416211035,ZEEL.NS,NSE,Zee Entertainment Enterprises Limited
