symbol,exchange,direction,signal_date,entry_date,exit_date,entry_price,stop_loss,target,exit_price,raw_exit_price,exit_reason,holding_days,gross_pnl_pct,transaction_cost_pct,net_pnl_pct,pnl_pct,signal_close,rsi,ema_5,ema_13,ema_26,macd,macd_signal,macd_histogram,extension_pct,risk_reward,market_regime,display_symbol,data_symbol
SAMMAANCAP.BO,BSE,LONG,2025-06-25,2025-06-26,2025-07-01,143.2715969467163,139.6898070230484,150.43517679405213,139.61996211953686,139.6898070230484,STOP_LOSS,4,-2.5487500000000027,0.15,-2.6987500000000026,-2.6987500000000026,143.1999969482422,72.04926449581491,129.89320774789616,126.79830750809882,125.24089604445751,1.728334074805531,1.0294352662942525,0.6988988085112784,10.244407256592336,2.0,BULL,SAMMAANCAP,SAMMAANCAP.BO
ASHOKLEY.NS,NSE,LONG,2025-06-25,2025-06-26,2025-08-01,122.41117347335815,119.35089413652419,128.53173214702605,119.29121868945593,119.35089413652419,STOP_LOSS,27,-2.54875,0.15,-2.69875,-2.69875,122.30500030517578,63.9133725745053,119.82680189639827,118.92077306844097,118.14476695997138,0.8226081181904306,0.7949992320572665,0.027608886133164035,2.068150338285883,2.0,BULL,ASHOKLEY,ASHOKLEY.NS
NORTHARC.BO,BSE,LONG,2025-06-25,2025-06-26,2025-06-30,240.11999999999998,234.11699999999996,252.12599999999998,233.99994149999998,234.11699999999996,STOP_LOSS,3,-2.54875,0.15,-2.69875,-2.69875,243.39999389648438,64.40860698378728,230.24332097304637,224.44967355754844,220.18065026731995,4.682607202411646,3.5472456054961268,1.1353615969155189,5.714247374401886,2.0,BULL,NORTHARC,NORTHARC.BO
IOC.BO,BSE,LONG,2025-06-26,2025-06-27,2025-07-07,146.2730969467163,142.61626952304837,153.5867517940521,153.5099584181551,153.5867517940521,TARGET,7,4.947500000000008,0.15,4.797500000000007,4.797500000000007,146.1999969482422,60.74335367568001,142.88903872364006,141.97696091368857,141.6435231410577,0.36060859742650564,0.17925317123986168,0.18135542618664396,2.317153403912119,2.0,BULL,IOC,IOC.BO
TATASTEEL.NS,NSE,LONG,2025-06-26,2025-06-27,2025-07-16,161.0805,157.0534875,169.134525,156.97496075625,157.0534875,STOP_LOSS,14,-2.548750000000001,0.15,-2.698750000000001,-2.698750000000001,160.5399932861328,63.63295397188861,156.33881080932684,155.21410721421955,154.83204605836204,0.390305298136866,0.28982308495388687,0.10048221318297912,2.6872293930454627,2.0,BULL,TATASTEEL,TATASTEEL.NS
LLOYDSENGG.BO,BSE,LONG,2025-06-26,2025-06-27,2025-06-27,64.54225713729858,62.92870070886611,67.76936999416351,67.73548530916644,67.76936999416351,TARGET,1,4.9475000000000176,0.15,4.797500000000017,4.797500000000017,64.25,63.07204416896461,60.45322230278144,59.4687857255846,58.62803026269332,0.9141188222588426,0.8235661625555362,0.09055265970330639,6.280521620836529,2.0,BULL,LLOYDSENGG,LLOYDSENGG.BO
CUPID.NS,NSE,LONG,2025-06-27,2025-06-30,2025-07-11,21.41069961833954,20.87543212788105,22.481234599256517,22.46999398195689,22.481234599256517,TARGET,10,4.9475000000000104,0.15,4.79750000000001,4.79750000000001,21.399999618530273,66.01451523595186,20.381783056713935,19.84673832081943,19.54932756405928,0.31500206183142154,0.25308890074513196,0.06191316108628958,4.995718769957807,2.0,BULL,CUPID,CUPID.NS
500470.BO,BSE,LONG,2025-06-27,2025-06-30,2025-07-16,161.0805,157.0534875,169.134525,156.97496075625,157.0534875,STOP_LOSS,12,-2.548750000000001,0.15,-2.698750000000001,-2.698750000000001,161.39999389648438,65.03304555602622,158.0798481544019,156.27956969536584,155.33330310428013,1.021570497032684,0.7090750726219464,0.31249542441073763,2.1002966417576365,2.0,BULL,TATASTEEL,500470.BO
ADANIPOWER.NS,NSE,LONG,2025-06-27,2025-06-30,2025-07-10,117.95895152664184,115.0099777384758,123.85689910297394,123.79497065342247,123.85689910297394,TARGET,9,4.947500000000018,0.15,4.797500000000018,4.797500000000018,116.87000274658203,61.28961442458809,113.39808935163003,111.93102492974326,111.26604272783955,0.7335588536259507,0.42129853717783017,0.3122603164481206,3.0617036096491255,2.0,BULL,ADANIPOWER,ADANIPOWER.NS
CUPID.BO,BSE,LONG,2025-06-27,2025-06-30,2025-07-11,21.41069961833954,20.87543212788105,22.481234599256517,22.46999398195689,22.481234599256517,TARGET,10,4.9475000000000104,0.15,4.79750000000001,4.79750000000001,21.399999618530273,65.98504002126299,20.381974591315874,19.845920801931804,19.546029983256112,0.3177115891165272,0.25574833256646834,0.061963256550058854,4.9947320984697345,2.0,BULL,CUPID,CUPID.BO
ADANIPOWER.BO,BSE,LONG,2025-06-27,2025-06-30,2025-07-10,118.03899335861206,115.08801852464676,123.94094302654267,123.8789725550294,123.94094302654267,TARGET,9,4.947500000000012,0.15,4.797500000000012,4.797500000000012,116.8499984741211,61.392871525943534,113.38988049080575,111.93963018231818,111.27675497786886,0.7307613829337214,0.4250428930079117,0.3057184899258097,3.051522735837002,2.0,BULL,ADANIPOWER,ADANIPOWER.BO
PFC.BO,BSE,LONG,2025-06-30,2025-07-01,2025-07-02,428.8643188934326,418.14271092109675,450.30753483810423,417.9336395656362,418.14271092109675,STOP_LOSS,2,-2.548750000000005,0.15,-2.698750000000005,-2.698750000000005,427.5,60.04950078265352,419.86900395405377,414.7002783297889,412.8983339247967,2.096707739315832,0.2751225525244314,1.8215851867914006,1.8174706811130295,2.0,BULL,PFC,PFC.BO
ICICIPRULI.BO,BSE,LONG,2025-06-30,2025-07-01,2025-07-03,660.2799872131347,643.7729875328064,693.2939865737915,643.45110103904,643.7729875328064,STOP_LOSS,3,-2.5487499999999876,0.15,-2.6987499999999875,-2.6987499999999875,657.6500244140625,63.24381748836448,646.5005275671928,640.3843895214687,635.599107747149,5.152382759303691,4.357119159504049,0.7952635997996422,1.7245920724652368,2.0,BULL,ICICIPRULI,ICICIPRULI.BO
IDBI.NS,NSE,LONG,2025-06-30,2025-07-01,2025-07-04,103.49172244262695,100.90442938156127,108.66630856475831,100.8539771668705,100.90442938156127,STOP_LOSS,4,-2.5487500000000036,0.15,-2.6987500000000035,-2.6987500000000035,103.43000030517578,69.01431732355476,98.58235347270679,96.15234661897352,94.52267988112123,1.7569267485786924,1.4278833051939674,0.3290434433847249,4.917357581457113,2.0,BULL,IDBI,IDBI.NS
500112.BO,BSE,LONG,2025-06-30,2025-07-01,2025-07-28,820.7601505737305,800.2411468093871,861.798158102417,799.8410262359824,800.2411468093871,STOP_LOSS,19,-2.548750000000009,0.15,-2.698750000000009,-2.698750000000009,820.3499755859375,62.862313565191,806.4499005645498,802.2579555800845,800.2317971706182,2.1925857802240216,1.4918801853466728,0.7007055948773488,1.723612962399405,2.0,BULL,SBIN,500112.BO
KALYANKJIL.BO,BSE,LONG,2025-07-01,2025-07-02,2025-07-17,570.285,556.027875,598.79925,598.499850375,598.79925,TARGET,12,4.947500000000015,0.15,4.7975000000000145,4.7975000000000145,570.0499877929688,63.93540801753059,552.6369985144424,541.4259634298903,538.9908832717176,2.94325151204589,-1.3972423871743958,4.340493899220286,3.1508909691777083,2.0,BULL,KALYANKJIL,KALYANKJIL.BO
PNB.NS,NSE,LONG,2025-07-01,2025-07-02,2025-07-03,113.15654847335814,110.32763476152418,118.81437589702605,110.27247094414342,110.32763476152418,STOP_LOSS,2,-2.5487500000000054,0.15,-2.6987500000000053,-2.6987500000000053,113.06999969482422,70.76306937398701,109.2534172813099,107.42737554805177,106.08253356606338,1.458455346635219,1.1900064989070807,0.2684488477281384,3.4933300106185623,2.0,BULL,PNB,PNB.NS
GMRAIRPORT.BO,BSE,LONG,2025-07-02,2025-07-03,2025-07-17,90.23509744262695,87.97922000656128,94.7468523147583,94.69947888860092,94.7468523147583,TARGET,11,4.947500000000002,0.15,4.797500000000001,4.797500000000001,88.37999725341797,63.34881056919642,86.04839232577254,84.67460306620123,84.52870458365327,0.21227367033591804,-0.42511020626731233,0.6373838766032304,2.709643799988911,2.0,BULL,GMRAIRPORT,GMRAIRPORT.BO
GMRAIRPORT.NS,NSE,LONG,2025-07-02,2025-07-03,2025-07-17,90.045,87.793875,94.54725,94.49997637500002,94.54725,TARGET,11,4.9475000000000176,0.15,4.797500000000017,4.797500000000017,88.4000015258789,63.342778705649614,86.04174278479535,84.67284378742838,84.53221520912892,0.2064972821222142,-0.4299187596796918,0.636416041801906,2.7408309789609397,2.0,BULL,GMRAIRPORT,GMRAIRPORT.NS
CGCL.BO,BSE,LONG,2025-07-10,2025-07-11,2025-07-11,177.88890305328368,173.44168047695157,186.78334820594787,173.35495963671312,173.44168047695157,STOP_LOSS,1,-2.5487499999999987,0.15,-2.6987499999999986,-2.6987499999999986,177.8000030517578,61.048861790753655,171.05659793253392,169.65764874590695,168.5019797641217,1.240056753576937,1.1872571717928422,0.05279958178409472,3.9422069658391936,2.0,BULL,CGCL,CGCL.BO
NMDC.BO,BSE,LONG,2025-07-21,2025-07-22,2025-08-01,72.12604133605957,70.32289030265808,75.73234340286255,70.28772885750675,70.32289030265808,STOP_LOSS,9,-2.5487500000000054,0.15,-2.6987500000000053,-2.6987500000000053,71.9000015258789,62.0049179497593,70.45779436181587,69.59636410713541,69.45948715746017,0.17861312139747554,-0.18767301982822723,0.3662861412257028,2.0469093265352476,2.0,BULL,NMDC,NMDC.BO
NMDC.NS,NSE,LONG,2025-07-21,2025-07-22,2025-08-07,72.036,70.2351,75.6378,70.19998245000001,70.2351,STOP_LOSS,13,-2.5487499999999916,0.15,-2.6987499999999915,-2.6987499999999915,71.91000366210938,62.10340407207728,70.46446498443211,69.59815517157708,69.4581240831398,0.1821487851448893,-0.18563338667636156,0.36778217182125084,2.0514434871486347,2.0,BULL,NMDC,NMDC.NS
500034.BO,BSE,LONG,2025-07-23,2025-07-24,2025-07-25,968.8842244262695,944.6621188156128,1017.328435647583,944.189787756205,944.6621188156128,STOP_LOSS,2,-2.5487499999999987,0.15,-2.6987499999999986,-2.6987499999999986,968.2000122070312,63.48183008032443,950.8539922929891,940.1260077282377,933.73403737649,7.14106601618073,4.118174625622295,3.022891390558435,1.8242569368838761,2.0,BULL,BAJFINANCE,500034.BO
JIOFIN.NS,NSE,LONG,2025-08-01,2025-08-04,2025-08-07,330.01493110656736,321.76455782890315,346.5156776618957,321.60367554998874,321.76455782890315,STOP_LOSS,4,-2.5487499999999965,0.15,-2.6987499999999964,-2.6987499999999964,329.5,62.99258183444698,323.7951706503888,320.18135939846275,316.5834077683834,3.8121952191325477,3.8112729312704356,0.0009222878621120145,1.761863630687338,2.0,BULL,JIOFIN,JIOFIN.NS
JIOFIN.BO,BSE,LONG,2025-08-04,2025-08-05,2025-08-06,335.01743110656736,326.6419953289032,351.76830266189575,326.4786743312388,326.6419953289032,STOP_LOSS,2,-2.548749999999983,0.15,-2.698749999999983,-2.698749999999983,333.54998779296875,65.60819803214264,326.99841242675734,322.0432098355001,317.79930968619647,4.571492480908091,3.9566350213045727,0.6148574596035186,2.003549594504182,2.0,BULL,JIOFIN,JIOFIN.BO
VEDL.NS,NSE,SHORT,2025-08-29,2025-09-01,2025-09-01,422.5885877990723,433.15330249404906,401.45915840911863,433.36987914529607,433.15330249404906,STOP_LOSS,1,-2.551249999999988,0.15,-2.701249999999988,-2.701249999999988,420.6499938964844,38.637248590468445,430.12433271114026,435.43530722972724,438.1965699335037,-3.066984413753005,-1.7938716369164367,-1.2731127768365682,2.202697707181004,2.0,BEAR,VEDL,VEDL.NS
VEDL.BO,BSE,SHORT,2025-08-29,2025-09-01,2025-09-01,422.038875,432.589846875,400.93693125,432.80614179843747,432.589846875,STOP_LOSS,1,-2.551249999999987,0.15,-2.701249999999987,-2.701249999999987,420.3500061035156,38.498522440528454,429.9732674626756,435.33708269846056,438.11571554598925,-3.086947522021262,-1.7982008868704211,-1.288746635150841,2.238106898121368,2.0,BEAR,VEDL,VEDL.BO
NTPC.BO,BSE,SHORT,2025-08-29,2025-09-01,2025-09-02,328.48566889953617,336.6978106220245,312.06138545455934,336.8661595273355,336.6978106220245,STOP_LOSS,2,-2.551249999999983,0.15,-2.701249999999983,-2.701249999999983,327.54998779296875,37.63847932097687,332.23586857831737,334.75674377679945,335.7663952779332,-1.1547175705434825,-0.3578869660141639,-0.7968306045293185,1.4104078543355776,2.0,BEAR,NTPC,NTPC.BO
ICICIPRULI.BO,BSE,SHORT,2025-08-29,2025-09-01,2025-09-04,599.6000744018555,614.5900762619019,569.6200706817627,614.8973713000329,614.5900762619019,STOP_LOSS,4,-2.551250000000004,0.15,-2.701250000000004,-2.701250000000004,599.7000122070312,35.25875772648152,613.0432484839299,619.3571728613692,623.2974498573373,-4.3102746770133535,-3.1490063340381154,-1.1612683429752382,2.176557087921088,2.0,BEAR,ICICIPRULI,ICICIPRULI.BO
JSWENERGY.BO,BSE,LONG,2025-09-16,2025-09-17,2025-09-25,541.2204872131348,527.6899750328064,568.2815115737916,527.42613004529,527.6899750328064,STOP_LOSS,7,-2.5487499999999934,0.15,-2.6987499999999933,-2.6987499999999933,540.2000122070312,62.643021964208074,528.5609249468654,520.2815923621293,519.1053772057833,1.5902593411950647,-2.1366521155972116,3.7269114567922763,2.202033239845701,2.0,BULL,JSWENERGY,JSWENERGY.BO
GMRAIRPORT.NS,NSE,LONG,2025-09-17,2025-09-18,2025-09-24,92.13604133605956,89.83264030265808,96.74284340286255,89.78772398250675,89.83264030265808,STOP_LOSS,5,-2.548749999999997,0.15,-2.698749999999997,-2.698749999999997,91.87999725341797,62.855534209439575,90.34800754137609,88.91602367892207,88.75293805797872,0.23156030146878948,-0.4127756596865642,0.6443359611553536,1.6956541198103143,2.0,BULL,GMRAIRPORT,GMRAIRPORT.NS
GMRAIRPORT.BO,BSE,LONG,2025-09-17,2025-09-18,2025-09-22,91.90593061065674,89.60828234539032,96.50122714118957,89.56347820421763,89.60828234539032,STOP_LOSS,3,-2.548749999999994,0.15,-2.6987499999999938,-2.6987499999999938,91.9000015258789,62.871779211672134,90.38001274393162,88.94322171521813,88.76671117012008,0.24619291842039104,-0.3984977784873842,0.6446906969077753,1.6817753569628118,2.0,BULL,GMRAIRPORT,GMRAIRPORT.BO
UJJIVANSFB.NS,NSE,LONG,2025-10-01,2025-10-03,2025-10-20,48.25411454200744,47.047761678457256,50.666820269107816,50.641486858973266,50.666820269107816,TARGET,12,4.947500000000011,0.15,4.797500000000011,4.797500000000011,48.22999954223633,64.88678221458183,46.49042630092878,45.821130556890296,45.38186718155774,0.48954604603754603,0.33326222003476585,0.15628382600278018,3.741788105033559,2.0,BULL,UJJIVANSFB,UJJIVANSFB.NS
UJJIVANSFB.BO,BSE,LONG,2025-10-01,2025-10-03,2025-10-20,48.09403469467163,46.89168382730484,50.49873642940521,50.47348706119051,50.49873642940521,TARGET,12,4.94750000000001,0.15,4.797500000000009,4.797500000000009,48.22999954223633,64.54474276187696,46.484402883965174,45.8194045862066,45.38225004869013,0.48707696988955007,0.3326968290264155,0.15438014086313456,3.7552308946046478,2.0,BULL,UJJIVANSFB,UJJIVANSFB.BO
IXIGO.BO,BSE,LONG,2025-10-06,2025-10-07,2025-10-07,314.907375,307.034690625,330.65274375,306.8811732796875,307.034690625,STOP_LOSS,1,-2.5487499999999956,0.15,-2.6987499999999955,-2.6987499999999955,311.79998779296875,64.42827963520148,290.58410347975195,284.84274434051395,280.4848802991125,4.59792210425843,4.385430734810742,0.21249136944768754,7.3011166334138915,2.0,BULL,IXIGO,IXIGO.BO
IFCI.NS,NSE,LONG,2025-10-08,2025-10-09,2025-10-09,59.0295,57.5537625,61.980975,57.52498561875,57.5537625,STOP_LOSS,1,-2.5487499999999956,0.15,-2.6987499999999955,-2.6987499999999955,58.93000030517578,60.093892165659156,57.3018826446899,56.448751122266074,55.954061357117595,0.5609311983866547,0.30926675776810064,0.2516644406185541,2.841298724129721,2.0,BULL,IFCI,IFCI.NS
IDFCFIRSTB.BO,BSE,LONG,2025-10-09,2025-10-10,2025-10-23,73.4867219467163,71.6495538980484,77.16105804405213,77.1224775150301,77.16105804405213,TARGET,9,4.947500000000011,0.15,4.797500000000011,4.797500000000011,73.44999694824219,64.03021880397827,71.84267983185173,71.04908985879678,70.89319496211813,0.1901850607399922,-0.09260159786361276,0.28278665860360497,2.2372733313295083,2.0,BULL,IDFCFIRSTB,IDFCFIRSTB.BO
IDFCFIRSTB.NS,NSE,LONG,2025-10-09,2025-10-10,2025-10-21,73.43670152664184,71.6007839884758,77.10853660297394,77.06998233467246,77.10853660297394,TARGET,8,4.947500000000019,0.15,4.797500000000019,4.797500000000019,73.44999694824219,64.10985359826671,71.86708735091531,71.06283878813423,70.90120274000522,0.19680074371626688,-0.09030764826192453,0.2871083919781914,2.2025514817343086,2.0,BULL,IDFCFIRSTB,IDFCFIRSTB.NS
WELSPUNLIV.BO,BSE,LONG,2025-10-15,2025-10-16,2025-10-17,126.86340305328369,123.6918179769516,133.20657320594788,123.62997206796312,123.6918179769516,STOP_LOSS,2,-2.5487499999999987,0.15,-2.6987499999999986,-2.6987499999999986,125.55000305175781,60.65575120534001,122.76442230375963,120.5835531672798,120.08731071033745,0.6207774751385955,-0.2872585238874045,0.9080359990260001,2.2690456206487393,2.0,BULL,WELSPUNLIV,WELSPUNLIV.BO
SWIGGY.BO,BSE,LONG,2025-10-16,2025-10-17,2025-10-17,449.5246377868652,438.28652184219357,472.0008696762085,438.06737858127246,438.28652184219357,STOP_LOSS,1,-2.5487499999999987,0.15,-2.6987499999999986,-2.6987499999999986,449.3500061035156,62.04939894817541,441.04768378318033,434.4878702029017,430.80444687838366,4.099804091396038,2.2246768373080883,1.8751272540879498,1.8824092327433526,2.0,BULL,SWIGGY,SWIGGY.BO
SWIGGY.NS,NSE,LONG,2025-10-16,2025-10-17,2025-10-17,447.2235,436.0429125,469.584675,435.82489104375003,436.0429125,STOP_LOSS,1,-2.548749999999994,0.15,-2.6987499999999938,-2.6987499999999938,448.3999938964844,62.08533837544077,440.7841994211064,434.44645637400737,430.81081676860634,4.041100741902767,2.251702168839372,1.7893985730633948,1.7277830025168794,2.0,BULL,SWIGGY,SWIGGY.NS
SBFC.BO,BSE,LONG,2025-10-17,2025-10-20,2025-11-03,112.40617347335815,109.59601913652419,118.02648214702606,117.96746890595256,118.02648214702606,TARGET,10,4.9475000000000104,0.15,4.79750000000001,4.79750000000001,112.94999694824219,61.407632800810696,109.52687932395509,108.77372522753542,108.45160642273339,0.3635043431103213,0.16992306330895407,0.19358127980136725,3.1253676224649056,2.0,BULL,SBFC,SBFC.BO
COALINDIA.BO,BSE,LONG,2025-10-24,2025-10-27,2025-10-29,396.14798721313474,386.24428753280637,415.9553865737915,386.05116538903997,386.24428753280637,STOP_LOSS,3,-2.5487500000000005,0.15,-2.6987500000000004,-2.6987500000000004,394.1000061035156,61.84510219911828,391.2565542236263,388.70709518095475,388.0136086817848,0.8287061249769181,-0.1895808327158527,1.0182869576927707,0.7267486893686896,2.0,BULL,COALINDIA,COALINDIA.BO
FCL.NS,NSE,LONG,2025-10-24,2025-10-27,2025-10-27,25.812899236679076,25.1675767557621,27.10354419851303,25.154992967384217,25.1675767557621,STOP_LOSS,1,-2.5487500000000036,0.15,-2.6987500000000035,-2.6987500000000035,25.61199951171875,62.807215027064046,24.89262613122552,24.581984388905052,24.468327848670967,0.13304380050607634,0.02449786764882458,0.10854593285725175,2.8899055354824243,2.0,BULL,FCL,FCL.NS
SAIL.NS,NSE,LONG,2025-10-29,2025-10-30,2025-10-31,138.7693469467163,135.3001132730484,145.70781429405213,135.23246321641187,135.3001132730484,STOP_LOSS,2,-2.5487499999999947,0.15,-2.6987499999999947,-2.6987499999999947,140.5500030517578,67.06836123058318,133.90208013799145,132.2221372110695,131.78187858658305,0.4957494144786665,0.06004044111573285,0.4357089733629336,4.964764480817188,2.0,BULL,SAIL,SAIL.NS
NORTHARC.BO,BSE,LONG,2025-11-03,2025-11-04,2025-11-04,284.09198721313476,276.9896875328064,298.2965865737915,276.85119268904,276.9896875328064,STOP_LOSS,1,-2.548750000000003,0.15,-2.698750000000003,-2.698750000000003,284.29998779296875,62.05439442201583,275.07384730941993,272.64913343137306,270.48265507299374,2.29331595880916,2.2676371527107104,0.025678806098449414,3.354059491221166,2.0,BULL,NORTHARC,NORTHARC.BO
500209.BO,BSE,LONG,2025-11-12,2025-11-13,2025-11-14,1559.7294261474608,1520.7361904937743,1637.715897454834,1519.9758223985275,1520.7361904937743,STOP_LOSS,2,-2.548749999999993,0.15,-2.698749999999993,-2.698749999999993,1551.4000244140625,63.488838971692104,1519.4876430046857,1502.4071771009242,1495.2466050830103,8.251239020010644,2.552357970325188,5.698881049685456,2.1002067082475406,2.0,BULL,INFY,500209.BO
MOTHERSON.NS,NSE,LONG,2025-11-13,2025-11-14,2025-11-18,111.36565255737304,108.58151124343871,116.9339351852417,108.527220487817,108.58151124343871,STOP_LOSS,3,-2.5487499999999907,0.15,-2.6987499999999907,-2.6987499999999907,109.12999725341797,61.586644684370526,106.33244729129984,105.71095997837679,105.39242833062431,0.3393079629922795,0.27174750330636355,0.06756045968591595,2.63094665211098,2.0,BULL,MOTHERSON,MOTHERSON.NS
MOTHERSON.BO,BSE,LONG,2025-11-13,2025-11-14,2025-11-18,111.40567347335815,108.62053163652419,116.97595714702607,108.56622137070593,108.62053163652419,STOP_LOSS,3,-2.548750000000001,0.15,-2.698750000000001,-2.698750000000001,109.1500015258789,61.81974488617345,106.37097776975077,105.75350663030886,105.42739635549329,0.34727070756856904,0.28271887498875325,0.06455183257981578,2.612577052872052,2.0,BULL,MOTHERSON,MOTHERSON.BO
MAHABANK.BO,BSE,LONG,2025-11-19,2025-11-20,2025-11-20,61.52074667930603,59.98272801232338,64.59678401327133,59.95273664831722,59.98272801232338,STOP_LOSS,1,-2.5487499999999943,0.15,-2.698749999999994,-2.698749999999994,61.119998931884766,60.76567410423723,59.78908846811283,59.012843610719166,58.453058706215515,0.6100801599768673,0.4780488144283808,0.13203134554848645,2.22600895560023,2.0,BULL,MAHABANK,MAHABANK.BO
MAHABANK.NS,NSE,LONG,2025-11-19,2025-11-20,2025-11-20,61.43070152664184,59.89493398847579,64.50223660297394,59.864986521481555,59.89493398847579,STOP_LOSS,1,-2.5487500000000027,0.15,-2.6987500000000026,-2.6987500000000026,61.13999938964844,60.53500728401558,59.796911488157505,59.01929231334411,58.46119263042888,0.6082148443616973,0.47580139542157696,0.1324134489401203,2.2460823946683672,2.0,BULL,MAHABANK,MAHABANK.NS
HINDCOPPER.BO,BSE,LONG,2025-12-04,2025-12-05,2025-12-09,363.0814438934326,354.00440779609676,381.23551608810425,353.8274055921987,354.00440779609676,STOP_LOSS,3,-2.5487500000000076,0.15,-2.6987500000000075,-2.6987500000000075,365.3999938964844,66.34372036966448,345.04074506334774,336.67700383784387,333.82442142538093,3.2504665982640404,0.5711130017581159,2.6793535965059245,5.9005346830557,2.0,BULL,HINDCOPPER,HINDCOPPER.BO
HINDCOPPER.NS,NSE,LONG,2025-12-04,2025-12-05,2025-12-09,363.0814438934326,354.00440779609676,381.23551608810425,353.8274055921987,354.00440779609676,STOP_LOSS,3,-2.5487500000000076,0.15,-2.6987500000000075,-2.6987500000000075,365.75,66.51460933936539,345.22031142563526,336.7791683757023,333.8984561093414,3.2834085792631527,0.5763415934263654,2.7070669858367875,5.946836815477206,2.0,BULL,HINDCOPPER,HINDCOPPER.NS
SHUKRAPHAR.BO,BSE,LONG,2025-12-09,2025-12-10,2025-12-11,46.46321862602234,45.30163816037178,48.78637955732346,45.2789873412916,45.30163816037178,STOP_LOSS,2,-2.548749999999996,0.15,-2.698749999999996,-2.698749999999996,44.22999954223633,65.81055103789753,41.58956721161323,40.5570682369681,40.01128229297597,0.5858576108475049,0.4244094806633164,0.16144813018418847,6.3487853027857435,2.0,BULL,SHUKRAPHAR,SHUKRAPHAR.BO
RUBICON.BO,BSE,LONG,2025-12-22,2025-12-23,2025-12-29,690.7952372131348,673.5253562828063,725.3349990737916,673.188593604665,673.5253562828063,STOP_LOSS,4,-2.548749999999999,0.15,-2.698749999999999,-2.698749999999999,687.0,61.97497600394881,658.9085767054255,648.2772377090539,646.258599398439,2.435318737503394,-1.3180507247940332,3.753369462297427,4.263326398790097,2.0,BULL,RUBICON,RUBICON.BO
UJJIVANSFB.NS,NSE,LONG,2026-01-02,2026-01-05,2026-01-08,57.028499999999994,55.60278749999999,59.87992499999999,59.8499850375,59.87992499999999,TARGET,4,4.947500000000008,0.15,4.797500000000007,4.797500000000007,55.709999084472656,62.19651205867903,53.844717306989416,53.47559856582513,53.32121397654088,0.16378504098482694,0.11634783547135538,0.04743720551347155,3.464187149221255,2.0,BULL,UJJIVANSFB,UJJIVANSFB.NS
UJJIVANSFB.BO,BSE,LONG,2026-01-02,2026-01-05,2026-01-08,56.688329847335815,55.271121601152416,59.52274633970261,59.49298496653276,59.52274633970261,TARGET,4,4.947500000000008,0.15,4.797500000000007,4.797500000000007,55.720001220703125,62.528139323180966,53.83769806308097,53.466994681684525,53.313995675466884,0.16244815392890644,0.11351656114212558,0.04893159278678086,3.4962549019400537,2.0,BULL,UJJIVANSFB,UJJIVANSFB.BO
IFCI.NS,NSE,LONG,2026-01-12,2026-01-13,2026-01-14,57.45871530532837,56.02224742269516,60.33165107059479,55.994236298983814,56.02224742269516,STOP_LOSS,2,-2.548749999999995,0.15,-2.698749999999995,-2.698749999999995,56.43000030517578,63.30972861203871,52.60450671352605,51.915133280529346,51.54303557639615,0.43711642355494007,0.16245223819337934,0.27466418536156073,7.2721784323206915,2.0,BULL,IFCI,IFCI.NS
URBANCO.NS,NSE,SHORT,2026-01-20,2026-01-21,2026-01-21,124.9375,128.0609375,118.690625,128.12496796874998,128.0609375,STOP_LOSS,1,-2.551249999999988,0.15,-2.701249999999988,-2.701249999999988,125.11000061035156,38.29011595145822,130.0182460906336,131.9122516229653,132.33673007262897,-0.46722516614204324,0.024771924238914972,-0.4919970903809582,3.775043601849987,2.0,BEAR,URBANCO,URBANCO.NS
ETERNAL.NS,NSE,SHORT,2026-01-20,2026-01-21,2026-01-21,269.11537500000003,275.843259375,255.65960625000002,275.98118100468747,275.843259375,STOP_LOSS,1,-2.5512499999999787,0.15,-2.7012499999999786,-2.7012499999999786,269.6000061035156,34.5322710684089,282.0944478278483,285.0660028713829,287.20471114074877,-2.255394292677863,-2.2191207802380677,-0.036273512439795486,4.429169670137411,2.0,BEAR,ETERNAL,ETERNAL.NS
URBANCO.BO,BSE,SHORT,2026-01-20,2026-01-21,2026-01-21,124.28782347488404,127.39501906175613,118.07343230113983,127.458716571287,127.39501906175613,STOP_LOSS,1,-2.5512499999999876,0.15,-2.7012499999999875,-2.7012499999999875,125.1500015258789,39.19095062428755,129.82886862843256,131.61277098006886,132.09573708305294,-0.519144967502541,-0.12682822939795194,-0.3923167381045891,3.603872660975326,2.0,BEAR,URBANCO,URBANCO.BO
SBFC.BO,BSE,SHORT,2026-01-27,2026-01-28,2026-01-28,91.704125,93.99672812499999,87.11891875,87.162478209375,87.11891875,TARGET,1,4.9525000000000095,0.15,4.802500000000009,4.802500000000009,89.94999694824219,29.175112939162887,98.50412822806885,101.26118960534578,102.70971322976003,-1.6181566172737405,-0.8955603187924437,-0.7225962984812968,8.68403328236263,2.0,BEAR,SBFC,SBFC.BO
CUPID.NS,NSE,SHORT,2026-03-02,2026-03-04,2026-03-04,75.16239694976807,77.04145687351226,71.40427710227966,77.07997760194901,77.04145687351226,STOP_LOSS,1,-2.5512499999999827,0.15,-2.7012499999999826,-2.7012499999999826,76.88999938964844,38.01232502137928,80.7220369423513,82.47278947598232,83.1463856804677,-0.7849347474345905,-0.15752855177651692,-0.6274061956580735,4.747201257371091,2.0,BEAR,CUPID,CUPID.NS
ZEEL.NS,NSE,SHORT,2026-03-02,2026-03-04,2026-03-13,82.46874713516236,84.53046581354141,78.34530977840424,78.38448243329344,78.34530977840424,TARGET,8,4.952500000000002,0.15,4.802500000000002,4.802500000000002,84.19000244140625,36.86681827010417,87.09831489581612,89.01605519322663,89.33926802241386,-0.41170406761621336,0.41167501372109117,-0.8233790813373045,3.339114491352314,2.0,BEAR,ZEEL,ZEEL.NS
ZEEL.BO,BSE,SHORT,2026-03-02,2026-03-04,2026-03-09,82.9585,85.0324625,78.810575,78.84998028749999,78.810575,TARGET,4,4.952500000000015,0.15,4.802500000000014,4.802500000000014,84.13999938964844,36.52924363119339,87.09499148148006,89.01663909115248,89.3529693041707,-0.4249189874871604,0.3920816148216287,-0.817000602308789,3.3928381432358012,2.0,BEAR,ZEEL,ZEEL.BO
CUPID.BO,BSE,SHORT,2026-03-02,2026-03-04,2026-03-04,74.97249713516236,76.84680956354141,71.22387227840423,76.88523296832318,76.84680956354141,STOP_LOSS,1,-2.5512499999999916,0.15,-2.7012499999999915,-2.7012499999999915,76.75,37.951099562825526,80.70053153316223,82.45754209198027,83.12613443706636,-0.7795279100222814,-0.1511555881384724,-0.628372321883809,4.8952980334941705,2.0,BEAR,CUPID,CUPID.BO
ICICIPRULI.BO,BSE,SHORT,2026-03-04,2026-03-05,2026-03-09,626.7864255981445,642.4560862380981,595.4471043182373,595.7448278703964,595.4471043182373,TARGET,3,4.952500000000002,0.15,4.802500000000002,4.802500000000002,625.0499877929688,37.49074017377726,647.4190716725161,651.1987762444362,651.3063488927303,-0.15280188521535365,0.6843907818726022,-0.8371926670879558,3.4551166096729244,2.0,BEAR,ICICIPRULI,ICICIPRULI.BO
FCL.NS,NSE,SHORT,2026-03-04,2026-03-05,2026-03-09,22.258865457534792,22.81533709397316,21.14592218465805,21.15649514575038,21.14592218465805,TARGET,3,4.952500000000007,0.15,4.802500000000006,4.802500000000006,22.149999618530273,36.189547171639774,23.118999694506964,23.647043784512324,23.687109826734137,-0.061181442138053654,0.16880247590452854,-0.2299839180425822,4.1913581417059484,2.0,BEAR,FCL,FCL.NS
VMM.NS,NSE,SHORT,2026-03-04,2026-03-05,2026-03-09,112.9435,115.76708749999999,107.296325,107.34997316249999,107.296325,TARGET,3,4.952500000000007,0.15,4.802500000000006,4.802500000000006,111.62000274658203,34.47633946075253,117.31788137762828,119.78051387881786,121.83386011903637,-2.238884235589566,-1.8355632735925296,-0.4033209619970366,4.8567861643406705,2.0,BEAR,VMM,VMM.NS
VMM.BO,BSE,SHORT,2026-03-04,2026-03-05,2026-03-09,112.9435,115.76708749999999,107.296325,107.34997316249999,107.296325,TARGET,3,4.952500000000007,0.15,4.802500000000006,4.802500000000006,111.75,34.79336584066424,117.34276011066824,119.78414823850436,121.84979461264605,-2.2506511896389156,-1.8619237959176282,-0.3887273937212874,4.766173989254724,2.0,BEAR,VMM,VMM.BO
PNB.NS,NSE,SHORT,2026-03-06,2026-03-09,2026-03-16,116.19187500000001,119.096671875,110.38228125,110.437472390625,110.38228125,TARGET,6,4.952500000000005,0.15,4.802500000000005,4.802500000000005,119.30999755859375,38.24061743768087,122.96559158478794,125.00556010279449,125.03331128523719,-0.0992004123061605,0.7569202053710316,-0.856120617677192,2.97285930078543,2.0,BEAR,PNB,PNB.NS
GMRAIRPORT.NS,NSE,SHORT,2026-03-09,2026-03-10,2026-03-10,93.953,96.301825,89.25534999999999,96.34997591249999,96.301825,STOP_LOSS,1,-2.5512499999999814,0.15,-2.7012499999999813,-2.7012499999999813,92.06999969482422,36.54657591694458,95.40873336130412,97.34433631788583,97.90915076162966,-0.6661091232741967,0.055463193094763996,-0.7215723163689607,3.499400472948759,2.0,BEAR,GMRAIRPORT,GMRAIRPORT.NS
CANBK.NS,NSE,SHORT,2026-03-09,2026-03-10,2026-03-13,142.42875,145.98946875,135.3073125,135.37496615625,135.3073125,TARGET,4,4.952500000000008,0.15,4.802500000000007,4.802500000000007,139.91000366210938,34.83457899697936,146.3648606784028,149.6445910783728,150.27009431210507,-0.7713737092791177,0.44479748191806245,-1.2161711911971802,4.41011386638507,2.0,BEAR,CANBK,CANBK.NS
IOC.BO,BSE,SHORT,2026-03-10,2026-03-11,2026-03-16,160.86952194976809,164.89125999851228,152.82604585227966,152.90245887520578,152.82604585227966,TARGET,4,4.9525000000000245,0.15,4.802500000000024,4.802500000000024,159.85000610351562,34.75984768048707,166.25879491049983,171.80274438380576,172.22016636661704,-0.7088386094796135,2.034589112191587,-2.7434277216712006,3.85470663999109,2.0,BEAR,IOC,IOC.BO
500325.BO,BSE,SHORT,2026-03-27,2026-03-30,2026-04-01,1334.3325,1367.6908124999998,1267.615875,1368.3746579062497,1367.6908124999998,STOP_LOSS,3,-2.5512499999999787,0.15,-2.7012499999999786,-2.7012499999999786,1348.25,36.780669458428605,1389.144344489895,1396.8906747622805,1404.0878001007131,-7.6618137167865825,-7.594329904685784,-0.06748381210079835,2.943851346485651,2.0,BEAR,RELIANCE,500325.BO
GROWW.BO,BSE,SHORT,2026-03-30,2026-04-01,2026-04-01,158.42075,162.38126874999998,150.4997125,162.46245938437497,162.38126874999998,STOP_LOSS,1,-2.55124999999998,0.15,-2.70124999999998,-2.70124999999998,150.10000610351562,37.92018520241189,157.71070410771563,159.11138881461778,160.4352210776866,-1.424068364722956,-1.4069541060110322,-0.017114258711923735,4.825733324354404,2.0,BEAR,GROWW,GROWW.BO
GROWW.NS,NSE,SHORT,2026-03-30,2026-04-01,2026-04-01,157.92100000000002,161.869025,150.02495000000002,161.9499595125,161.869025,STOP_LOSS,1,-2.5512499999999787,0.15,-2.7012499999999786,-2.7012499999999786,150.1199951171875,37.584035804451226,157.72222626450474,159.14875806715364,160.48320938504907,-1.4362443755132972,-1.408985202846766,-0.027259172666531217,4.820012579944236,2.0,BEAR,GROWW,GROWW.NS
500209.BO,BSE,SHORT,2026-04-23,2026-04-24,2026-05-12,1205.2970744018555,1235.4295012619018,1145.0322206817627,1145.6047367921035,1145.0322206817627,TARGET,12,4.952500000000011,0.15,4.802500000000011,4.802500000000011,1242.5999755859375,37.28700606092642,1279.2346344797531,1292.0400283363633,1299.9270222633681,-8.295537528875457,-7.060443808505456,-1.235093720370001,2.8637951089179543,2.0,BEAR,INFY,500209.BO
VEDL.NS,NSE,SHORT,2026-04-30,2026-05-01,2026-05-04,271.4142127990723,278.19956811904905,257.84350215911866,278.33866790310856,278.19956811904905,STOP_LOSS,2,-2.5512499999999774,0.15,-2.7012499999999773,-2.7012499999999773,271.54998779296875,16.577129360976187,592.1430121656668,677.9955377815198,697.2909021484331,-23.545167225101068,8.359686061210702,-31.90485328631177,54.141147963594335,2.0,BEAR,VEDL,VEDL.NS
VEDL.BO,BSE,SHORT,2026-04-30,2026-05-04,2026-05-04,277.861,284.80752499999994,263.96795,284.94992876249995,284.80752499999994,STOP_LOSS,1,-2.5512499999999863,0.15,-2.701249999999986,-2.701249999999986,271.6000061035156,16.57388862643785,592.0884422803113,677.9725752848043,697.2499248524161,-23.52937854263837,8.403254678098456,-31.932633220736825,54.1284736014265,2.0,BEAR,VEDL,VEDL.BO
ASHOKLEY.NS,NSE,SHORT,2026-04-30,2026-05-01,2026-05-06,162.00895133972168,166.05917512321471,153.90850377273557,166.14220471077633,166.05917512321471,STOP_LOSS,4,-2.5512500000000005,0.15,-2.7012500000000004,-2.7012500000000004,162.08999633789062,39.65832691890839,166.56549371537332,169.20802948164163,171.55035770789843,-2.48523818636653,-2.3701564274536024,-0.1150817589129276,2.686929494010575,2.0,BEAR,ASHOKLEY,ASHOKLEY.NS
500112.BO,BSE,SHORT,2026-05-12,2026-05-13,2026-06-09,975.5619627990724,999.9510118690491,926.7838646591188,1000.4509873749836,999.9510118690491,STOP_LOSS,19,-2.551249999999987,0.15,-2.701249999999987,-2.701249999999987,974.7000122070312,31.99499464655628,1013.5650895196899,1047.0907595268718,1060.1910659827915,-15.196400724958949,-2.8398446657575915,-12.356556059201356,3.834492497277711,2.0,BEAR,SBIN,500112.BO
JIOFIN.NS,NSE,SHORT,2026-05-13,2026-05-14,2026-05-22,232.88350000000003,238.7055875,221.239325,238.82494029375,238.7055875,STOP_LOSS,7,-2.5512499999999836,0.15,-2.7012499999999835,-2.7012499999999835,231.4499969482422,39.71508994103917,238.06384878126448,242.773199604028,243.4241889420053,-0.8452305216089826,1.0426292794346075,-1.88785980104359,2.7781840320909748,2.0,BEAR,JIOFIN,JIOFIN.NS
PINELABS.BO,BSE,SHORT,2026-05-14,2026-05-15,2026-05-18,156.62164694976806,160.53718812351224,148.79056460227966,148.8649598845808,148.79056460227966,TARGET,2,4.952500000000001,0.15,4.8025,4.8025,155.64999389648438,28.771215733394413,174.19017766681392,184.77962031547423,185.80005409481387,-1.4978593160767275,3.2014017491266555,-4.699261065203383,10.64364479023191,2.0,BEAR,PINELABS,PINELABS.BO
PINELABS.NS,NSE,SHORT,2026-05-14,2026-05-15,2026-05-18,156.32179389953615,160.22983874702453,148.50570420455932,148.57995705666158,148.50570420455932,TARGET,2,4.952500000000022,0.15,4.8025000000000215,4.8025000000000215,155.7100067138672,28.127980937567145,174.13702690031127,184.80867423134706,186.03737080129972,-1.7322252254622583,2.9922075289173145,-4.724432754379572,10.581908118250492,2.0,BEAR,PINELABS,PINELABS.NS
500325.BO,BSE,SHORT,2026-05-15,2026-05-18,2026-05-21,1335.332,1368.7153,1268.5654,1369.39965765,1368.7153,STOP_LOSS,4,-2.5512499999999996,0.15,-2.7012499999999995,-2.7012499999999995,1336.3499755859375,39.64112943753818,1364.59347172331,1383.603152841167,1383.894665027269,-0.9009694082283204,7.269712636385584,-8.170682044613905,2.069737011251008,2.0,BEAR,RELIANCE,500325.BO
UJJIVANSFB.BO,BSE,SHORT,2026-05-18,2026-05-19,2026-05-26,54.262855915069586,55.61942731294632,51.5497131193161,55.64723702660279,55.61942731294632,STOP_LOSS,6,-2.5512499999999796,0.15,-2.7012499999999795,-2.7012499999999795,54.15999984741211,37.79437138200829,56.20791728020335,57.707137616078164,57.856877903027495,-0.22392228010578918,0.47692981856817723,-0.7008520986739664,3.643467916774284,2.0,BEAR,UJJIVANSFB,UJJIVANSFB.BO
ICICIPRULI.BO,BSE,SHORT,2026-05-18,2026-05-19,2026-05-26,516.5915505981445,529.506339363098,490.7619730682373,529.7710925327796,529.506339363098,STOP_LOSS,6,-2.5512499999999765,0.15,-2.7012499999999764,-2.7012499999999764,515.75,37.621177238564854,533.6089663198643,539.2954404444176,543.6540559581814,-4.588220037861674,-4.439235161516077,-0.14898487634559743,3.3468265053775337,2.0,BEAR,ICICIPRULI,ICICIPRULI.BO
UJJIVANSFB.NS,NSE,SHORT,2026-05-18,2026-05-19,2026-05-26,54.472750000000005,55.83456875,51.7491125,55.862486034375,55.83456875,STOP_LOSS,6,-2.551249999999996,0.15,-2.701249999999996,-2.701249999999996,54.150001525878906,37.505556628372815,56.206913668179425,57.69663678127212,57.84988314458264,-0.22673193893617594,0.4636200262422301,-0.690351965178406,3.659535825865856,2.0,BEAR,UJJIVANSFB,UJJIVANSFB.NS
ETERNAL.BO,BSE,SHORT,2026-06-11,2026-06-12,2026-06-15,239.58014694976808,245.56965062351225,227.60113960227966,245.692435448824,245.56965062351225,STOP_LOSS,2,-2.551249999999985,0.15,-2.701249999999985,-2.701249999999985,235.25,38.94709494690467,242.50752087065646,246.35622103548488,247.3283929024449,-1.1711800171534321,0.25275926301196516,-1.4239392801653974,2.9926992963353607,2.0,BEAR,ETERNAL,ETERNAL.BO
ETERNAL.NS,NSE,SHORT,2026-06-11,2026-06-12,2026-06-15,238.8805,244.8525125,226.936475,244.97493875624997,244.8525125,STOP_LOSS,2,-2.551249999999982,0.15,-2.7012499999999817,-2.7012499999999817,235.1999969482422,38.89592732765601,242.54855175765096,246.36216327980887,247.31587429846994,-1.148762301436335,0.25523059813074045,-1.4039928995670756,3.0297252884656585,2.0,BEAR,ETERNAL,ETERNAL.NS
500209.BO,BSE,SHORT,2026-06-11,2026-06-12,2026-06-15,1120.6393511962892,1148.6553349761964,1064.6073836364747,1149.2296626436844,1148.6553349761964,STOP_LOSS,2,-2.551249999999984,0.15,-2.701249999999984,-2.701249999999984,1114.0,37.292256030410755,1155.8951948395575,1173.770042515238,1183.536077728021,-10.559357472726333,-7.487061459467494,-3.072296013258839,3.624480405022591,2.0,BEAR,INFY,500209.BO
COALINDIA.BO,BSE,SHORT,2026-06-12,2026-06-15,2026-06-17,447.776,458.9704,425.3872,459.1998852,458.9704,STOP_LOSS,3,-2.551249999999994,0.15,-2.7012499999999937,-2.7012499999999937,443.70001220703125,37.74262214616035,452.8824873161492,459.6908974258316,460.6439368178714,-1.2973715326788238,1.6345585717977684,-2.931930104476592,2.027562417689122,2.0,BEAR,COALINDIA,COALINDIA.BO
CANBK.NS,NSE,SHORT,2026-06-29,2026-06-30,2026-07-10,126.83655152511598,130.00746531324387,120.49472394886017,130.07246904590048,130.00746531324387,STOP_LOSS,9,-2.5512499999999805,0.15,-2.7012499999999804,-2.7012499999999804,125.86000061035156,37.272135512101585,128.8244722410639,130.825164024808,131.741235698185,-1.0440182800177524,-0.36092203541239953,-0.6830962446053529,2.3011711821066356,2.0,BEAR,CANBK,CANBK.NS
URBANCO.BO,BSE,LONG,2026-08-03,2026-08-04,2026-08-04,148.07399999999998,144.37214999999998,155.4777,144.299963925,144.37214999999998,STOP_LOSS,1,-2.5487499999999987,0.15,-2.6987499999999986,-2.6987499999999986,146.5,69.00072460888256,135.4698349119525,133.12906393125354,132.1863456928061,1.0538534744374886,0.47730321674566245,0.5765502576918261,8.14215584983659,2.0,BULL,URBANCO,URBANCO.BO
URBANCO.NS,NSE,LONG,2026-08-03,2026-08-04,2026-08-04,148.54423622131347,144.83063031578064,155.97144803237916,144.75821500062276,144.83063031578064,STOP_LOSS,1,-2.5487499999999907,0.15,-2.6987499999999907,-2.6987499999999907,146.19000244140625,69.6744617336248,135.59569496611152,133.2295571908041,132.27303142279547,1.070341368957628,0.4794573080306383,0.5908840609269896,7.813159169944509,2.0,BULL,URBANCO,URBANCO.NS
MOREPENLAB.NS,NSE,LONG,2026-08-04,2026-08-05,2026-08-05,73.27661786270141,71.44470241613388,76.94044875583648,76.90197853145857,76.94044875583648,TARGET,1,4.947500000000002,0.15,4.797500000000001,4.797500000000001,69.18000030517578,71.32069015958119,61.00032534134242,58.66831948972903,57.33240402468988,1.452095763374082,1.0402591680227753,0.4118365953513068,13.409231701735964,2.0,BULL,MOREPENLAB,MOREPENLAB.NS
SHUKRAPHAR.BO,BSE,LONG,2026-08-06,2026-08-07,2026-08-07,37.32865637397766,36.39543996462822,39.19508919267654,39.175491648080204,39.19508919267654,TARGET,1,4.9475000000000025,0.15,4.797500000000002,4.797500000000002,36.38999938964844,67.83443852921158,33.014606864130144,32.17925451781818,31.969801620654554,0.2349326824393394,0.04202445083499774,0.19290823160434167,10.223936754447937,2.0,BULL,SHUKRAPHAR,SHUKRAPHAR.BO
SBFC.BO,BSE,LONG,2026-08-06,2026-08-07,2026-08-10,95.50772908401488,93.12003585691451,100.28311553821563,93.07347583898606,93.12003585691451,STOP_LOSS,2,-2.548749999999998,0.15,-2.6987499999999978,-2.6987499999999978,95.33999633789062,63.852979221941574,93.23565616109526,92.31050262343241,92.10382881114073,0.24948017322248006,-0.07558612592129416,0.3250662991437742,2.2570122455720387,2.0,BULL,SBFC,SBFC.BO
PINELABS.NS,NSE,LONG,2026-08-10,2026-08-11,2026-08-11,162.81136072540284,158.74107670726775,170.95192876167297,170.86645279729214,170.95192876167297,TARGET,1,4.9475,0.15,4.797499999999999,4.797499999999999,161.94000244140625,60.038482978458276,155.23266831598423,151.70042950806695,151.22657283873235,0.6522046686753242,-0.8975060452748377,1.5497107139501618,4.320826407344163,2.0,BULL,PINELABS,PINELABS.NS
FCL.NS,NSE,LONG,2026-08-10,2026-08-11,2026-08-11,43.37167347335815,42.287381636524195,45.54025714702606,42.26623794570594,42.287381636524195,STOP_LOSS,1,-2.5487499999999903,0.15,-2.69874999999999,-2.69874999999999,42.5099983215332,60.463423734491414,41.12705021065126,40.17547826429704,39.62496491353334,0.6174018230851104,0.3360528486406794,0.28134897444443097,3.3626241215903656,2.0,BULL,FCL,FCL.NS
EPL.BO,BSE,LONG,2026-08-12,2026-08-13,2026-08-20,245.22255610656737,239.09199220390317,257.48368391189575,257.3549420699398,257.48368391189575,TARGET,6,4.947500000000003,0.15,4.797500000000003,4.797500000000003,243.64999389648438,62.26305032763628,235.0020765710198,232.63534851175226,232.25632385070588,0.42826541104528815,-0.1721878240842883,0.6004532351295764,3.6799323017263132,2.0,BULL,EPL,EPL.BO
