variant,exchange,symbol,trades,wins,losses,win_rate_pct,avg_net_pct,profit_factor,compounded_return_pct,max_drawdown_pct
CURRENT,BSE,ADANIPOWER,3,1,2,33.33333333333333,-0.15000000000000138,0.9150943396226408,-0.6334190874999979,-5.229774999999992
CURRENT,BSE,ASTERDM,4,2,2,50.0,1.0999999999999956,1.8301886792452766,4.18586008675621,-5.229775000000025
CURRENT,BSE,AYE,1,1,0,100.0,4.849999999999996,inf,4.849999999999999,0.0
CURRENT,BSE,BAJFINANCE,6,3,3,50.0,0.7664501428327948,1.5784529379870145,4.314227781155333,-5.229775000000004
CURRENT,BSE,CGCL,10,1,9,10.0,-1.900000000000001,0.20335429769392036,-17.663569075331143,-15.422258937166045
CURRENT,BSE,COALINDIA,9,1,8,11.11111111111111,-2.0998537888468913,0.011443180084790155,-17.419869532589495,-16.26641479922146
CURRENT,BSE,CUPID,6,1,5,16.666666666666664,-1.399999999999995,0.3660377358490576,-8.325570900514645,-7.741185962500008
CURRENT,BSE,EPL,7,3,4,42.857142857142854,0.5642857142857189,1.372641509433966,3.525926962490722,-5.229774999999992
CURRENT,BSE,ETERNAL,6,1,5,16.666666666666664,-1.3999999999999961,0.3660377358490573,-8.325570900514645,-5.830067694416686
CURRENT,BSE,GMRAIRPORT,6,2,4,33.33333333333333,-0.5224858834259899,0.7042532735324581,-3.367444203216574,-10.186044534493732
CURRENT,BSE,GROWW,3,1,2,33.33333333333333,-0.14999999999999325,0.9150943396226452,-0.6334190874999868,-2.650000000000008
CURRENT,BSE,HINDCOPPER,4,1,3,25.0,-0.7749999999999971,0.6100628930817621,-3.266633481681247,-5.229774999999992
CURRENT,BSE,ICICIPRULI,8,3,5,37.5,0.16250000000000292,1.0981132075471718,0.7824898979846839,-12.566114354329672
CURRENT,BSE,IDFCFIRSTB,4,1,3,25.0,-0.7749999999999946,0.6100628930817629,-3.266633481681225,-2.650000000000008
CURRENT,BSE,INFY,6,2,4,33.33333333333333,-0.5811444426459637,0.6710503154834161,-3.698876556269848,-5.229774999999992
CURRENT,BSE,INOXWIND,7,4,3,57.14285714285714,1.6357142857142875,2.4402515723270444,11.50173027238981,-5.229775000000004
CURRENT,BSE,IOC,5,4,1,80.0,2.3935418062574576,5.516116615580115,12.288483702662823,-2.649999999999997
CURRENT,BSE,IXIGO,5,3,2,60.0,1.850000000000002,2.745283018867927,9.238874300963928,-2.649999999999997
CURRENT,BSE,JIOFIN,8,5,3,62.5,1.8049588049753527,2.8163107471450126,14.835264542212157,-2.6499999999999857
CURRENT,BSE,JSWENERGY,9,3,6,33.33333333333333,-0.14999999999999838,0.9150943396226424,-1.8882460843118731,-10.186044534493732
CURRENT,BSE,KALYANKJIL,7,4,3,57.14285714285714,1.4164160401002535,2.2471587774467654,9.86925591071457,-2.650000000000008
CURRENT,BSE,LENSKART,1,0,1,0.0,-2.6500000000000044,0.0,-2.650000000000008,0.0
CURRENT,BSE,LLOYDSENGG,6,2,4,33.33333333333333,-0.1499999999999949,0.9150943396226442,-1.2628259775958717,-7.741185962499985
CURRENT,BSE,MAHABANK,4,1,3,25.0,-0.7749999999999962,0.6100628930817624,-3.266633481681236,-5.229775000000004
CURRENT,BSE,MOTHERSON,6,1,5,16.666666666666664,-1.3999999999999975,0.3660377358490572,-8.325570900514634,-10.186044534493742
CURRENT,BSE,NMDC,12,4,8,33.33333333333333,-0.34277687302236687,0.7824567176567289,-4.550591104003853,-6.095429916708883
CURRENT,BSE,NORTHARC,2,0,2,0.0,-2.6499999999999977,0.0,-5.229774999999992,-2.649999999999997
CURRENT,BSE,NTPC,3,2,1,66.66666666666666,1.2597744360902299,2.426159738970075,3.6835135957707044,0.0
CURRENT,BSE,PFC,10,3,7,30.0,-0.39999999999999847,0.7843665768194077,-4.488207563077628,-10.754943271651019
CURRENT,BSE,PINELABS,2,1,1,50.0,1.1000000000000074,1.830188679245291,2.0714750000000004,-2.649999999999997
CURRENT,BSE,PWL,1,1,0,100.0,4.850000000000002,inf,4.849999999999999,0.0
CURRENT,BSE,RELIANCE,7,2,5,28.57142857142857,-0.17166795824160133,0.8897714681749872,-1.5606920460823015,-5.515673746949334
CURRENT,BSE,RUBICON,2,0,2,0.0,-2.650000000000003,0.0,-5.229775000000004,-2.649999999999997
CURRENT,BSE,SAMMAANCAP,7,2,5,28.57142857142857,-0.5071428571428532,0.7320754716981148,-3.8793610891896035,-12.56611435432966
CURRENT,BSE,SBFC,7,2,5,28.57142857142857,-0.5071428571428555,0.7320754716981142,-3.8793610891896035,-7.741185962499985
CURRENT,BSE,SBIN,4,3,1,75.0,2.066318112401712,4.118970735700688,8.322549708039585,-2.650000000000008
CURRENT,BSE,SHADOWFAX,1,0,1,0.0,-2.6500000000000066,0.0,-2.650000000000008,0.0
CURRENT,BSE,SHUKRAPHAR,5,2,3,40.0,0.34999999999999504,1.2201257861635182,1.4249347944571777,-5.229775000000014
CURRENT,BSE,SWIGGY,2,0,2,0.0,-2.6500000000000004,0.0,-5.229775000000004,-2.649999999999997
CURRENT,BSE,TATASTEEL,4,2,2,50.0,0.8766414233728145,1.87419842588461,3.3680409161962688,-3.9751070056607274
CURRENT,BSE,TENNIND,1,1,0,100.0,4.850000000000012,inf,4.850000000000021,0.0
CURRENT,BSE,TFCILTD,5,2,3,40.0,0.3500000000000048,1.2201257861635253,1.4249347944572222,-7.741185962499997
CURRENT,BSE,UJJIVANSFB,7,3,4,42.857142857142854,0.05208633525300156,1.0343966364878312,-0.014191383029737992,-5.2297749999999805
CURRENT,BSE,URBANCO,2,0,2,0.0,-2.650000000000003,0.0,-5.229775000000004,-2.650000000000008
CURRENT,BSE,VEDL,6,2,4,33.33333333333333,-0.1499999999999934,0.9150943396226447,-1.2628259775958717,-5.229774999999992
CURRENT,BSE,VIYASH,4,1,3,25.0,-0.7749999999999964,0.6100628930817624,-3.266633481681236,-5.229774999999992
CURRENT,BSE,VMM,3,3,0,100.0,4.850000000000005,inf,15.267083412499982,0.0
CURRENT,BSE,WELSPUNLIV,3,0,3,0.0,-2.6499999999999986,0.0,-7.741185962499985,-5.229774999999992
CURRENT,BSE,ZEEL,7,5,2,71.42857142857143,2.1342471947168433,3.8188170496260194,15.541427467924418,-2.650000000000008
CURRENT,NSE,ADANIPOWER,3,1,2,33.33333333333333,-0.15000000000000138,0.9150943396226409,-0.633419087500009,-5.229775000000004
CURRENT,NSE,ASHOKLEY,8,4,4,50.0,0.7355234045320828,1.5551120034204409,5.528312228015553,-5.2297749999999805
CURRENT,NSE,CANBK,5,3,2,60.0,1.850000000000005,2.7452830188679336,9.23887430096395,-5.2297749999999805
CURRENT,NSE,CUPID,7,1,6,14.285714285714285,-1.578571428571428,0.30503144654088066,-10.75494327165103,-8.325570900514656
CURRENT,NSE,ETERNAL,7,1,6,14.285714285714285,-1.578571428571422,0.30503144654088177,-10.754943271650985,-8.325570900514634
CURRENT,NSE,FCL,5,1,4,20.0,-1.1500000000000012,0.4575471698113209,-5.830067694416707,-5.229775000000004
CURRENT,NSE,GMRAIRPORT,6,2,4,33.33333333333333,-0.44868634635478727,0.7460265964029502,-2.950462358605843,-10.186044534493732
CURRENT,NSE,GROWW,3,1,2,33.33333333333333,-0.149999999999998,0.9150943396226425,-0.6334190874999979,-2.649999999999997
CURRENT,NSE,HDFCBANK,5,5,0,100.0,2.953968065800835,inf,15.627481763092987,0.0
CURRENT,NSE,HFCL,5,1,4,20.0,-1.150000000000001,0.4575471698113206,-5.830067694416696,-10.186044534493742
CURRENT,NSE,HINDCOPPER,4,1,3,25.0,-0.7749999999999968,0.610062893081762,-3.266633481681236,-5.229775000000004
CURRENT,NSE,IDBI,8,2,6,25.0,-0.4657252650107121,0.7224894209850076,-4.0483432102347505,-5.995620431893189
CURRENT,NSE,IDFCFIRSTB,3,1,2,33.33333333333333,-0.15000000000000271,0.9150943396226401,-0.633419087500009,-2.650000000000008
CURRENT,NSE,IFCI,4,0,4,0.0,-2.65,0.0,-10.186044534493742,-7.741185962499997
CURRENT,NSE,INOXWIND,7,3,4,42.857142857142854,0.5642857142857148,1.3726415094339628,3.5259269624906775,-5.229775000000004
CURRENT,NSE,ITC,8,3,5,37.5,0.28020424300317454,1.226081081457044,1.88207875297135,-7.085362256731287
CURRENT,NSE,JINDWORLD,5,2,3,40.0,0.35000000000000114,1.2201257861635226,1.4249347944572,-5.229775000000004
CURRENT,NSE,JIOFIN,9,4,5,44.44444444444444,0.47499979411175897,1.3226413695853465,3.7807671049560954,-8.32557090051459
CURRENT,NSE,LENSKART,1,1,0,100.0,4.85,inf,4.849999999999999,0.0
CURRENT,NSE,LICI,5,2,3,40.0,0.3500000000000031,1.2201257861635242,1.4249347944572444,-2.650000000000008
CURRENT,NSE,MAHABANK,3,0,3,0.0,-2.6499999999999986,0.0,-7.741185962499997,-5.229775000000004
CURRENT,NSE,MOREPENLAB,5,2,3,40.0,0.3500000000000081,1.2201257861635282,1.4249347944572666,-5.22977499999997
CURRENT,NSE,MOTHERSON,6,1,5,16.666666666666664,-1.400000000000001,0.36603773584905624,-8.325570900514645,-10.186044534493742
CURRENT,NSE,NMDC,12,5,7,41.66666666666667,0.45270259849688266,1.3361421309314572,4.852177261081159,-5.9636321293528916
CURRENT,NSE,PINELABS,3,2,1,66.66666666666666,2.350000000000005,3.660377358490584,7.0219415375000205,-2.6499999999999746
CURRENT,NSE,PNB,7,2,5,28.57142857142857,-0.5071428571428552,0.7320754716981142,-3.8793610891896146,-5.229775000000025
CURRENT,NSE,PWL,1,1,0,100.0,4.850000000000005,inf,4.849999999999999,0.0
CURRENT,NSE,SAIL,5,2,3,40.0,0.3499999999999989,1.2201257861635206,1.4249347944572222,-5.229775000000014
CURRENT,NSE,SWIGGY,2,0,2,0.0,-2.6500000000000012,0.0,-5.229775000000004,-2.649999999999997
CURRENT,NSE,TATASTEEL,4,2,2,50.0,0.7430998792406182,1.8443119496024862,2.845276910119665,-2.6499999999999857
CURRENT,NSE,TFCILTD,6,1,5,16.666666666666664,-1.3999999999999986,0.36603773584905724,-8.325570900514656,-10.186044534493755
CURRENT,NSE,UJJIVANSFB,7,4,3,57.14285714285714,1.066566950954518,1.9391155542995768,7.2649502224190865,-2.650000000000008
CURRENT,NSE,URBANCO,2,0,2,0.0,-2.65,0.0,-5.229774999999992,-2.649999999999997
CURRENT,NSE,VEDL,6,1,5,16.666666666666664,-1.399999999999994,0.36603773584905763,-8.325570900514611,-7.741185962499964
CURRENT,NSE,VMM,3,3,0,100.0,4.850000000000008,inf,15.267083412499982,0.0
CURRENT,NSE,ZEEL,7,5,2,71.42857142857143,2.001597091172498,3.643618799661795,14.501839718905106,-2.650000000000019
LONG_RSI_ZONE,BSE,ADANIPOWER,3,1,2,33.33333333333333,-0.15000000000000377,0.9150943396226395,-0.6334190874999979,-5.229774999999992
LONG_RSI_ZONE,BSE,ASTERDM,3,1,2,33.33333333333333,-0.15000000000000643,0.9150943396226383,-0.633419087500009,-5.229775000000004
LONG_RSI_ZONE,BSE,AYE,1,1,0,100.0,4.849999999999996,inf,4.849999999999999,0.0
LONG_RSI_ZONE,BSE,BAJFINANCE,5,3,2,60.0,1.449740171399354,2.367679406980521,7.153803575917128,-2.650000000000008
LONG_RSI_ZONE,BSE,CGCL,9,1,8,11.11111111111111,-1.8166666666666684,0.22877358490566035,-15.422258937166045,-13.119937274952287
LONG_RSI_ZONE,BSE,COALINDIA,9,1,8,11.11111111111111,-2.0998537888468913,0.011443180084790155,-17.419869532589495,-16.26641479922146
LONG_RSI_ZONE,BSE,CUPID,4,0,4,0.0,-2.6499999999999937,0.0,-10.186044534493721,-7.741185962499985
LONG_RSI_ZONE,BSE,EPL,6,3,3,50.0,1.1000000000000054,1.8301886792452888,6.344044131988413,-2.649999999999997
LONG_RSI_ZONE,BSE,ETERNAL,6,1,5,16.666666666666664,-1.3999999999999961,0.3660377358490573,-8.325570900514645,-5.830067694416686
LONG_RSI_ZONE,BSE,GMRAIRPORT,6,2,4,33.33333333333333,-0.5224858834259899,0.7042532735324581,-3.367444203216574,-10.186044534493732
LONG_RSI_ZONE,BSE,GROWW,2,0,2,0.0,-2.649999999999994,0.0,-5.229774999999992,-2.650000000000008
LONG_RSI_ZONE,BSE,HINDCOPPER,3,1,2,33.33333333333333,-0.14999999999999414,0.9150943396226446,-0.6334190874999868,-2.6499999999999857
LONG_RSI_ZONE,BSE,ICICIPRULI,8,3,5,37.5,0.16250000000000292,1.0981132075471718,0.7824898979846839,-12.566114354329672
LONG_RSI_ZONE,BSE,IDFCFIRSTB,4,1,3,25.0,-0.7749999999999946,0.6100628930817629,-3.266633481681225,-2.650000000000008
LONG_RSI_ZONE,BSE,INFY,6,2,4,33.33333333333333,-0.5811444426459637,0.6710503154834161,-3.698876556269848,-5.229774999999992
LONG_RSI_ZONE,BSE,INOXWIND,7,4,3,57.14285714285714,1.6357142857142875,2.4402515723270444,11.50173027238981,-5.229775000000004
LONG_RSI_ZONE,BSE,IOC,5,4,1,80.0,2.3935418062574576,5.516116615580115,12.288483702662823,-2.649999999999997
LONG_RSI_ZONE,BSE,IXIGO,4,2,2,50.0,1.1000000000000019,1.8301886792452848,4.1858600867562545,-2.6499999999999857
LONG_RSI_ZONE,BSE,JIOFIN,7,5,2,71.42857142857143,2.4413814914004024,4.224466120717523,17.961237331496793,-2.649999999999997
LONG_RSI_ZONE,BSE,JSWENERGY,9,3,6,33.33333333333333,-0.14999999999999838,0.9150943396226424,-1.8882460843118731,-10.186044534493732
LONG_RSI_ZONE,BSE,KALYANKJIL,6,3,3,50.0,0.8441520467836275,1.6370958843650028,4.7870824136524215,-2.650000000000008
LONG_RSI_ZONE,BSE,LENSKART,1,0,1,0.0,-2.6500000000000044,0.0,-2.650000000000008,0.0
LONG_RSI_ZONE,BSE,LLOYDSENGG,5,2,3,40.0,0.35000000000000614,1.2201257861635264,1.4249347944572444,-5.2297749999999805
LONG_RSI_ZONE,BSE,MAHABANK,4,1,3,25.0,-0.7749999999999962,0.6100628930817624,-3.266633481681236,-5.229775000000004
LONG_RSI_ZONE,BSE,MOTHERSON,5,1,4,20.0,-1.1499999999999972,0.45754716981132154,-5.830067694416674,-7.741185962499997
LONG_RSI_ZONE,BSE,NMDC,11,4,7,36.36363636363637,-0.13302931602439996,0.9099940555321259,-1.9523277904507919,-6.095429916708883
LONG_RSI_ZONE,BSE,NORTHARC,2,0,2,0.0,-2.6499999999999977,0.0,-5.229774999999992,-2.649999999999997
LONG_RSI_ZONE,BSE,NTPC,3,2,1,66.66666666666666,1.2597744360902299,2.426159738970075,3.6835135957707044,0.0
LONG_RSI_ZONE,BSE,PFC,10,3,7,30.0,-0.39999999999999847,0.7843665768194077,-4.488207563077628,-10.754943271651019
LONG_RSI_ZONE,BSE,PINELABS,2,1,1,50.0,1.1000000000000074,1.830188679245291,2.0714750000000004,-2.649999999999997
LONG_RSI_ZONE,BSE,PWL,1,1,0,100.0,4.850000000000002,inf,4.849999999999999,0.0
LONG_RSI_ZONE,BSE,RELIANCE,7,2,5,28.57142857142857,-0.17166795824160133,0.8897714681749872,-1.5606920460823015,-5.515673746949334
LONG_RSI_ZONE,BSE,RUBICON,1,0,1,0.0,-2.6500000000000097,0.0,-2.650000000000008,0.0
LONG_RSI_ZONE,BSE,SAMMAANCAP,5,1,4,20.0,-1.1499999999999968,0.4575471698113214,-5.830067694416696,-10.186044534493742
LONG_RSI_ZONE,BSE,SBFC,7,2,5,28.57142857142857,-0.5071428571428555,0.7320754716981142,-3.8793610891896035,-7.741185962499985
LONG_RSI_ZONE,BSE,SBIN,4,3,1,75.0,2.066318112401712,4.118970735700688,8.322549708039585,-2.650000000000008
LONG_RSI_ZONE,BSE,SHADOWFAX,1,1,0,100.0,4.850000000000002,inf,4.849999999999999,0.0
LONG_RSI_ZONE,BSE,SHUKRAPHAR,2,1,1,50.0,1.0999999999999963,1.8301886792452766,2.0714750000000004,-2.649999999999997
LONG_RSI_ZONE,BSE,SWIGGY,2,0,2,0.0,-2.6500000000000004,0.0,-5.229775000000004,-2.649999999999997
LONG_RSI_ZONE,BSE,TATASTEEL,4,3,1,75.0,2.4294359805532793,4.66707317819364,9.877012878301139,-2.649999999999997
LONG_RSI_ZONE,BSE,TENNIND,1,1,0,100.0,4.850000000000012,inf,4.850000000000021,0.0
LONG_RSI_ZONE,BSE,TFCILTD,4,2,2,50.0,1.1000000000000048,1.8301886792452882,4.1858600867562545,-5.229775000000004
LONG_RSI_ZONE,BSE,UJJIVANSFB,7,4,3,57.14285714285714,1.1235149066815742,1.9892584083988738,7.688875536613571,-2.6499999999999857
LONG_RSI_ZONE,BSE,URBANCO,2,0,2,0.0,-2.6500000000000012,0.0,-5.229775000000004,-2.650000000000008
LONG_RSI_ZONE,BSE,VEDL,6,2,4,33.33333333333333,-0.1499999999999934,0.9150943396226447,-1.2628259775958717,-5.229774999999992
LONG_RSI_ZONE,BSE,VIYASH,5,1,4,20.0,-1.1499999999999981,0.4575471698113215,-5.830067694416696,-7.741185962499997
LONG_RSI_ZONE,BSE,VMM,3,3,0,100.0,4.850000000000005,inf,15.267083412499982,0.0
LONG_RSI_ZONE,BSE,WELSPUNLIV,3,1,2,33.33333333333333,-0.1499999999999996,0.9150943396226415,-0.6334190874999979,-2.649999999999997
LONG_RSI_ZONE,BSE,ZEEL,7,5,2,71.42857142857143,2.1342471947168433,3.8188170496260194,15.541427467924418,-2.650000000000008
LONG_RSI_ZONE,NSE,ADANIPOWER,3,1,2,33.33333333333333,-0.1499999999999977,0.9150943396226429,-0.633419087500009,-5.229775000000004
LONG_RSI_ZONE,NSE,ASHOKLEY,8,4,4,50.0,0.7355234045320838,1.555112003420442,5.528312228015553,-5.2297749999999805
LONG_RSI_ZONE,NSE,CANBK,5,3,2,60.0,1.850000000000005,2.7452830188679336,9.23887430096395,-5.2297749999999805
LONG_RSI_ZONE,NSE,CUPID,4,0,4,0.0,-2.649999999999998,0.0,-10.186044534493742,-7.741185962500008
LONG_RSI_ZONE,NSE,ETERNAL,6,1,5,16.666666666666664,-1.3999999999999921,0.36603773584905835,-8.325570900514624,-5.830067694416674
LONG_RSI_ZONE,NSE,FCL,5,1,4,20.0,-1.1500000000000012,0.4575471698113209,-5.830067694416707,-5.229775000000004
LONG_RSI_ZONE,NSE,GMRAIRPORT,6,2,4,33.33333333333333,-0.44868634635478727,0.7460265964029502,-2.950462358605843,-10.186044534493732
LONG_RSI_ZONE,NSE,GROWW,2,0,2,0.0,-2.649999999999995,0.0,-5.229774999999992,-2.649999999999997
LONG_RSI_ZONE,NSE,HDFCBANK,5,5,0,100.0,2.953968065800835,inf,15.627481763092987,0.0
LONG_RSI_ZONE,NSE,HFCL,5,1,4,20.0,-1.150000000000001,0.4575471698113206,-5.830067694416696,-10.186044534493742
LONG_RSI_ZONE,NSE,HINDCOPPER,3,1,2,33.33333333333333,-0.1499999999999937,0.9150943396226447,-0.6334190874999757,-2.649999999999997
LONG_RSI_ZONE,NSE,IDBI,6,1,5,16.666666666666664,-0.9876336866809496,0.45008250392421156,-5.995620431893178,-5.39638306475998
LONG_RSI_ZONE,NSE,IDFCFIRSTB,3,1,2,33.33333333333333,-0.15000000000000271,0.9150943396226401,-0.633419087500009,-2.650000000000008
LONG_RSI_ZONE,NSE,IFCI,4,1,3,25.0,-0.7749999999999991,0.6100628930817615,-3.266633481681258,-5.229775000000004
LONG_RSI_ZONE,NSE,INOXWIND,7,3,4,42.857142857142854,0.5642857142857148,1.3726415094339628,3.5259269624906775,-5.229775000000004
LONG_RSI_ZONE,NSE,ITC,8,3,5,37.5,0.28020424300317454,1.226081081457044,1.88207875297135,-7.085362256731287
LONG_RSI_ZONE,NSE,JINDWORLD,5,3,2,60.0,1.8500000000000032,2.7452830188679296,9.238874300963928,-2.649999999999997
LONG_RSI_ZONE,NSE,JIOFIN,9,4,5,44.44444444444444,0.47499979411175897,1.3226413695853465,3.7807671049560954,-8.32557090051459
LONG_RSI_ZONE,NSE,LENSKART,1,1,0,100.0,4.85,inf,4.849999999999999,0.0
LONG_RSI_ZONE,NSE,LICI,5,2,3,40.0,0.3500000000000031,1.2201257861635242,1.4249347944572444,-2.650000000000008
LONG_RSI_ZONE,NSE,MAHABANK,3,0,3,0.0,-2.6499999999999986,0.0,-7.741185962499997,-5.229775000000004
LONG_RSI_ZONE,NSE,MOREPENLAB,4,1,3,25.0,-0.7749999999999907,0.6100628930817639,-3.2666334816812026,-5.22977499999997
LONG_RSI_ZONE,NSE,MOTHERSON,5,2,3,40.0,0.35000000000000087,1.2201257861635229,1.4249347944572222,-5.229774999999992
LONG_RSI_ZONE,NSE,NMDC,12,5,7,41.66666666666667,0.45270259849688266,1.3361421309314572,4.852177261081159,-5.9636321293528916
LONG_RSI_ZONE,NSE,PINELABS,3,2,1,66.66666666666666,2.350000000000005,3.660377358490584,7.0219415375000205,-2.6499999999999746
LONG_RSI_ZONE,NSE,PNB,6,2,4,33.33333333333333,-0.1499999999999965,0.9150943396226434,-1.2628259775958828,-2.650000000000008
LONG_RSI_ZONE,NSE,PWL,1,1,0,100.0,4.850000000000005,inf,4.849999999999999,0.0
LONG_RSI_ZONE,NSE,SAIL,4,2,2,50.0,1.1000000000000019,1.8301886792452822,4.185860086756277,-2.650000000000008
LONG_RSI_ZONE,NSE,SWIGGY,2,0,2,0.0,-2.6500000000000012,0.0,-5.229775000000004,-2.649999999999997
LONG_RSI_ZONE,NSE,TATASTEEL,4,2,2,50.0,0.7430998792406182,1.8443119496024862,2.845276910119665,-2.6499999999999857
LONG_RSI_ZONE,NSE,TFCILTD,3,1,2,33.33333333333333,-0.14999999999999178,0.9150943396226459,-0.6334190874999757,-5.2297749999999805
LONG_RSI_ZONE,NSE,UJJIVANSFB,7,4,3,57.14285714285714,1.066566950954518,1.9391155542995768,7.2649502224190865,-2.650000000000008
LONG_RSI_ZONE,NSE,URBANCO,2,0,2,0.0,-2.650000000000004,0.0,-5.229775000000004,-2.650000000000008
LONG_RSI_ZONE,NSE,VEDL,6,1,5,16.666666666666664,-1.399999999999994,0.36603773584905763,-8.325570900514611,-7.741185962499964
LONG_RSI_ZONE,NSE,VMM,3,3,0,100.0,4.850000000000008,inf,15.267083412499982,0.0
LONG_RSI_ZONE,NSE,ZEEL,7,5,2,71.42857142857143,2.001597091172498,3.643618799661795,14.501839718905106,-2.650000000000019
