scope,period,variant,filter,cost_pct,trades,win_rate,avg_net_pct,profit_factor,compounded_return_pct,max_drawdown_pct
OVERALL,ALL,CURRENT,ALL,0.0,334,38.32335329341318,0.17649106615515683,1.1170438552350699,48.37966394711219,-46.26693901811749
OVERALL,ALL,CURRENT,ALL,0.05,334,38.32335329341318,0.1264910661551569,1.0822041129121251,25.56630136557898,-47.63703270618843
OVERALL,ALL,CURRENT,ALL,0.1,334,38.32335329341318,0.07649106615515688,1.0487333964561973,6.251611089588094,-48.97285986100657
OVERALL,ALL,CURRENT,ALL,0.15,334,38.32335329341318,0.026491066155156784,1.0165525670446287,-10.099602381198125,-50.27526076953867
OVERALL,ALL,CURRENT,ALL,0.2,334,38.02395209580838,-0.023508933844843264,0.9855893245136282,-23.940873862761503,-52.08050122752898
OVERALL,ALL,CURRENT,ALL,0.25,334,38.02395209580838,-0.07350893384484317,0.9557799363062307,-35.65650548209137,-55.40604353315095
OVERALL,ALL,CURRENT,ALL,0.3,334,38.02395209580838,-0.12350893384484309,0.9270615737397251,-45.57210810325297,-58.50230163259306
OVERALL,ALL,CURRENT,ALL,0.4,334,38.02395209580838,-0.2235089338448432,0.8726667952367806,-61.064498073826655,-64.4747704287312
OVERALL,ALL,CURRENT,ALL,0.5,334,37.4251497005988,-0.3235089338448432,0.8220248176407774,-72.15649975620204,-73.69178791101048
OVERALL,ALL,CURRENT,ALL,0.6,334,37.12574850299401,-0.4235089338448431,0.7747766237271411,-80.09531191560067,-80.52334131961825
OVERALL,ALL,CURRENT,SHORT_ONLY,0.0,171,43.27485380116959,0.5365724387416341,1.3898942431500014,125.06465164728966,-28.04516128190142
OVERALL,ALL,CURRENT,SHORT_ONLY,0.05,171,43.27485380116959,0.48657243874163414,1.3464227686677082,106.68995717506911,-28.523386981820575
OVERALL,ALL,CURRENT,SHORT_ONLY,0.1,171,43.27485380116959,0.43657243874163415,1.304672197635594,89.8073416078469,-28.998677290910734
OVERALL,ALL,CURRENT,SHORT_ONLY,0.15,171,43.27485380116959,0.386572438741634,1.264542325451529,74.29629931188761,-29.4710487338393
OVERALL,ALL,CURRENT,SHORT_ONLY,0.2,171,42.69005847953216,0.3365724387416339,1.22591193357971,60.04600412615248,-29.94051775066221
OVERALL,ALL,CURRENT,SHORT_ONLY,0.25,171,42.69005847953216,0.286572438741634,1.1887214698193311,46.9545361307832,-30.661835626998744
OVERALL,ALL,CURRENT,SHORT_ONLY,0.3,171,42.69005847953216,0.23657243874163422,1.1529086259286088,34.928169843460275,-31.3991169372824
OVERALL,ALL,CURRENT,SHORT_ONLY,0.4,171,42.69005847953216,0.1365724387416339,1.0851205531403811,13.73293338237669,-32.851341797694374
OVERALL,ALL,CURRENT,SHORT_ONLY,0.5,171,42.10526315789473,0.03657243874163402,1.0220022456045483,-4.149249111993791,-34.770986722200206
OVERALL,ALL,CURRENT,SHORT_ONLY,0.6,171,42.10526315789473,-0.06342756125836585,0.9631258401631483,-19.23367593824369,-39.21152552338505
OVERALL,ALL,CURRENT,NO_NEUTRAL,0.0,250,39.2,0.3064472547546644,1.2065156493771019,84.7880859639704,-32.794469792079575
OVERALL,ALL,CURRENT,NO_NEUTRAL,0.05,250,39.2,0.2564472547546645,1.1693510764308168,63.10770557655167,-34.17208351879598
OVERALL,ALL,CURRENT,NO_NEUTRAL,0.1,250,39.2,0.20644725475466447,1.133649321744647,43.962005636545086,-35.52213358038176
OVERALL,ALL,CURRENT,NO_NEUTRAL,0.15,250,39.2,0.15644725475466434,1.0993256862102092,27.055704799933423,-36.8451579518321
OVERALL,ALL,CURRENT,NO_NEUTRAL,0.2,250,39.2,0.10644725475466423,1.0663018858250057,12.127798368367948,-38.14168437244816
OVERALL,ALL,CURRENT,NO_NEUTRAL,0.25,250,39.2,0.05644725475466442,1.034505455629161,-1.0524063449167675,-39.963475783766654
OVERALL,ALL,CURRENT,NO_NEUTRAL,0.3,250,39.2,0.006447254754664556,1.0038692188899208,-12.6887977258739,-43.53339565836841
OVERALL,ALL,CURRENT,NO_NEUTRAL,0.4,250,39.2,-0.09355274524533565,0.9458322675123715,-32.02993408927715,-50.0536537899268
OVERALL,ALL,CURRENT,NO_NEUTRAL,0.5,250,39.2,-0.19355274524533558,0.8917425830216646,-47.09993038354998,-58.79054709553615
OVERALL,ALL,CURRENT,NO_NEUTRAL,0.6,250,38.800000000000004,-0.2935527452453354,0.8412222885667932,-58.839048428495744,-67.52341784785476
OVERALL,ALL,CURRENT,SHORT_NO_NEUTRAL,0.0,132,43.93939393939394,0.713897938528938,1.5230509809001964,135.00963145079817,-24.44741934599647
OVERALL,ALL,CURRENT,SHORT_NO_NEUTRAL,0.05,132,43.93939393939394,0.6638979385289384,1.4766290238703172,120.08069841482451,-24.985294637420708
OVERALL,ALL,CURRENT,SHORT_NO_NEUTRAL,0.1,132,43.93939393939394,0.6138979385289381,1.4320385696039049,106.09338497446639,-25.519612478165364
OVERALL,ALL,CURRENT,SHORT_NO_NEUTRAL,0.15,132,43.93939393939394,0.5638979385289379,1.3891733264419919,92.98872527434294,-26.050394597430493
OVERALL,ALL,CURRENT,SHORT_NO_NEUTRAL,0.2,132,43.93939393939394,0.513897938528938,1.347935071513543,80.71141934133699,-26.57766260269401
OVERALL,ALL,CURRENT,SHORT_NO_NEUTRAL,0.25,132,43.93939393939394,0.46389793852893807,1.3082328993502437,69.20960683739241,-27.1014379803318
OVERALL,ALL,CURRENT,SHORT_NO_NEUTRAL,0.3,132,43.93939393939394,0.4138979385289383,1.2699825529310549,58.434654673115524,-27.764386868530522
OVERALL,ALL,CURRENT,SHORT_NO_NEUTRAL,0.4,132,43.93939393939394,0.313897938528938,1.1975300333304821,38.88575126431617,-29.07728776624109
OVERALL,ALL,CURRENT,SHORT_NO_NEUTRAL,0.5,132,43.93939393939394,0.21389793852893807,1.1300152628058135,21.732913109906328,-30.367629897110447
OVERALL,ALL,CURRENT,SHORT_NO_NEUTRAL,0.6,132,43.93939393939394,0.11389793852893819,1.066950102430574,6.684428423542621,-32.558615432522316
OVERALL,ALL,EMA_MACD,ALL,0.0,488,40.57377049180328,0.2909158420968295,1.2001610658127095,210.66716982024775,-45.41472737377978
OVERALL,ALL,EMA_MACD,ALL,0.05,488,40.57377049180328,0.24091584209682965,1.1624383334513166,143.49278183726756,-48.2560733256699
OVERALL,ALL,EMA_MACD,ALL,0.1,488,40.36885245901639,0.1909158420968296,1.126188903492148,90.82000802731464,-51.14096755563543
OVERALL,ALL,EMA_MACD,ALL,0.15,488,40.36885245901639,0.14091584209682956,1.0913405417274127,49.52326203470856,-53.86635300789809
OVERALL,ALL,EMA_MACD,ALL,0.2,488,39.75409836065574,0.09091584209682947,1.057809104627573,17.149542905921344,-56.44097528116393
OVERALL,ALL,EMA_MACD,ALL,0.25,488,39.75409836065574,0.040915842096829504,1.025527510132002,-8.22606309580477,-58.8731045182311
OVERALL,ALL,EMA_MACD,ALL,0.3,488,39.75409836065574,-0.00908415790317029,0.9944369194676811,-28.113886891557627,-61.17056103380345
OVERALL,ALL,EMA_MACD,ALL,0.4,488,39.75409836065574,-0.10908415790317046,0.9355744837203188,-55.910345665495484,-65.39063227182417
OVERALL,ALL,EMA_MACD,ALL,0.5,488,39.34426229508197,-0.20908415790317042,0.8807788078211579,-72.97191680743404,-73.76980882455983
OVERALL,ALL,EMA_MACD,ALL,0.6,488,39.13934426229508,-0.3090841579031704,0.8296563996622622,-83.43924118750259,-83.30552481643319
OVERALL,ALL,EMA_MACD,SHORT_ONLY,0.0,252,45.23809523809524,0.5762705884816308,1.427842204611821,266.2757042844359,-25.953369653942026
OVERALL,ALL,EMA_MACD,SHORT_ONLY,0.05,252,45.23809523809524,0.5262705884816309,1.3829360408465674,223.08923732611015,-27.93800218248037
OVERALL,ALL,EMA_MACD,SHORT_ONLY,0.1,252,44.84126984126984,0.47627058848163084,1.3397364791949224,184.97692718839707,-29.870401474543684
OVERALL,ALL,EMA_MACD,SHORT_ONLY,0.15,252,44.84126984126984,0.42627058848163074,1.2982035623118835,151.34468701942927,-31.751916962893535
OVERALL,ALL,EMA_MACD,SHORT_ONLY,0.2,252,44.44444444444444,0.37627058848163064,1.2582202284227924,121.66774046058552,-33.696230136723635
OVERALL,ALL,EMA_MACD,SHORT_ONLY,0.25,252,44.44444444444444,0.32627058848163076,1.2197186648790181,95.48256407583946,-35.60593654491737
OVERALL,ALL,EMA_MACD,SHORT_ONLY,0.3,252,44.44444444444444,0.27627058848163083,1.1826310899731216,72.3797631608602,-37.46156101562571
OVERALL,ALL,EMA_MACD,SHORT_ONLY,0.4,252,44.44444444444444,0.17627058848163066,1.1123973669980183,34.01729160875841,-41.01654470087565
OVERALL,ALL,EMA_MACD,SHORT_ONLY,0.5,252,44.047619047619044,0.07627058848163071,1.0469593581990888,4.165990324461921,-44.37273714266558
OVERALL,ALL,EMA_MACD,SHORT_ONLY,0.6,252,44.047619047619044,-0.02372941151836913,0.9858764879137796,-19.056609715201777,-47.541070165790074
OVERALL,ALL,EMA_MACD,NO_NEUTRAL,0.0,361,41.82825484764543,0.4071334652724809,1.2839727750519652,248.97242555257267,-45.4147273737798
OVERALL,ALL,EMA_MACD,NO_NEUTRAL,0.05,361,41.82825484764543,0.3571334652724811,1.244145101747303,191.47807557093697,-47.07157256483996
OVERALL,ALL,EMA_MACD,NO_NEUTRAL,0.1,361,41.82825484764543,0.307133465272481,1.2058704010656893,143.43421516893545,-49.860329387027534
OVERALL,ALL,EMA_MACD,NO_NEUTRAL,0.15,361,41.82825484764543,0.2571334652724808,1.169059579032859,103.29104572099341,-52.58542547910583
OVERALL,ALL,EMA_MACD,NO_NEUTRAL,0.2,361,41.27423822714682,0.20713346527248078,1.1336236411998255,69.75233096003335,-55.16367541463608
OVERALL,ALL,EMA_MACD,NO_NEUTRAL,0.25,361,41.27423822714682,0.1571334652724809,1.0994837497529708,41.73400849095259,-57.60292410373871
OVERALL,ALL,EMA_MACD,NO_NEUTRAL,0.3,361,41.27423822714682,0.10713346527248103,1.0665900211417068,18.32954124744315,-59.910601003887464
OVERALL,ALL,EMA_MACD,NO_NEUTRAL,0.4,361,41.27423822714682,0.007133465272480779,1.0042777416085757,-17.54564331103995,-64.15900972042829
OVERALL,ALL,EMA_MACD,NO_NEUTRAL,0.5,361,40.99722991689751,-0.0928665347275191,0.9462125145277503,-42.56498857031943,-67.96082899341249
OVERALL,ALL,EMA_MACD,NO_NEUTRAL,0.6,361,40.7202216066482,-0.19286653472751902,0.891990338325472,-60.00716631380738,-71.36262177797484
OVERALL,ALL,EMA_MACD,SHORT_NO_NEUTRAL,0.0,189,45.5026455026455,0.6549198173803539,1.486828435361534,205.94210399471962,-25.953369653942005
OVERALL,ALL,EMA_MACD,SHORT_NO_NEUTRAL,0.05,189,45.5026455026455,0.6049198173803539,1.440734315771978,178.4874212796887,-27.938002182480393
OVERALL,ALL,EMA_MACD,SHORT_NO_NEUTRAL,0.1,189,45.5026455026455,0.554919817380354,1.396434774652924,153.48459435615544,-29.87040147454374
OVERALL,ALL,EMA_MACD,SHORT_NO_NEUTRAL,0.15,189,45.5026455026455,0.5049198173803536,1.3538270109190054,130.7157205602357,-31.75191696289351
OVERALL,ALL,EMA_MACD,SHORT_NO_NEUTRAL,0.2,189,45.5026455026455,0.45491981738035364,1.3128159282094314,109.98216834802301,-33.583863871912136
OVERALL,ALL,EMA_MACD,SHORT_NO_NEUTRAL,0.25,189,45.5026455026455,0.40491981738035393,1.273313426347819,91.10288133516356,-35.36752406819972
OVERALL,ALL,EMA_MACD,SHORT_NO_NEUTRAL,0.3,189,45.5026455026455,0.354919817380354,1.2352377695802137,73.91283085345731,-37.10414689043384
OVERALL,ALL,EMA_MACD,SHORT_NO_NEUTRAL,0.4,189,45.5026455026455,0.25491981738035374,1.1630685423547773,44.01211594230041,-40.441119965788
OVERALL,ALL,EMA_MACD,SHORT_NO_NEUTRAL,0.5,189,44.97354497354497,0.15491981738035385,1.0957342401666925,19.229706121447677,-43.60415752424086
OVERALL,ALL,EMA_MACD,SHORT_NO_NEUTRAL,0.6,189,44.97354497354497,0.05491981738035389,1.0328221573563257,-1.3066737543515394,-46.602163347150494
PERIOD,P1,CURRENT,ALL,0.0,70,32.857142857142854,-0.29223730943054754,0.8134388360957265,-21.1790701345002,-32.79446979207954
PERIOD,P1,CURRENT,ALL,0.05,70,32.857142857142854,-0.3422373094305475,0.7861035246198756,-23.901068948176874,-34.172083518796
PERIOD,P1,CURRENT,ALL,0.1,70,32.857142857142854,-0.3922373094305476,0.7598917363595677,-26.530364558224008,-35.52213358038174
PERIOD,P1,CURRENT,ALL,0.15,70,32.857142857142854,-0.44223730943054756,0.7347355983656193,-29.070069905376926,-36.845157951832086
PERIOD,P1,CURRENT,ALL,0.2,70,32.857142857142854,-0.49223730943054766,0.7105725967862885,-31.523194886438766,-38.14168437244819
PERIOD,P1,CURRENT,ALL,0.25,70,32.857142857142854,-0.5422373094305476,0.6873450581778678,-33.89264971593274,-39.59939705660953
PERIOD,P1,CURRENT,ALL,0.3,70,32.857142857142854,-0.5922373094305474,0.6649996899139673,-36.181248179695416,-41.57622199749866
PERIOD,P1,CURRENT,ALL,0.4,70,32.857142857142854,-0.6922373094305475,0.6227617935998254,-40.526667802346104,-45.340649327918726
PERIOD,P1,CURRENT,ALL,0.5,70,32.857142857142854,-0.7922373094305476,0.5835057474378694,-44.58015262017364,-48.86596612851558
PERIOD,P1,CURRENT,ALL,0.6,70,31.428571428571427,-0.8922373094305474,0.547037287695838,-48.36104991410822,-52.16714118550618
PERIOD,P2,CURRENT,ALL,0.0,121,38.01652892561984,0.3389931142983586,1.2201461443978523,39.37710927465834,-46.26693901811751
PERIOD,P2,CURRENT,ALL,0.05,121,38.01652892561984,0.2889931142983588,1.1839728410331414,31.20956534489516,-47.63703270618841
PERIOD,P2,CURRENT,ALL,0.1,121,38.01652892561984,0.23899311429835857,1.1491992712334476,23.51691306521011,-48.972859861006604
PERIOD,P2,CURRENT,ALL,0.15,121,38.01652892561984,0.18899311429835852,1.1157457325737357,16.271757483097172,-50.275260769538676
PERIOD,P2,CURRENT,ALL,0.2,121,38.01652892561984,0.13899311429835842,1.0835384610448453,9.44827143991569,-51.54505552384651
PERIOD,P2,CURRENT,ALL,0.25,121,38.01652892561984,0.08899311429835861,1.0525090880975623,3.0221065650143597,-52.78304449655846
PERIOD,P2,CURRENT,ALL,0.3,121,38.01652892561984,0.03899311429835868,1.0225941561885856,-3.0296907179418575,-53.99000880537862
PERIOD,P2,CURRENT,ALL,0.4,121,38.01652892561984,-0.0610068857016415,0.9658757863388716,-14.095493942599157,-56.313894339839635
PERIOD,P2,CURRENT,ALL,0.5,121,38.01652892561984,-0.16100688570164143,0.9129585346741552,-23.907773182459103,-58.52259295467523
PERIOD,P2,CURRENT,ALL,0.6,121,38.01652892561984,-0.26100688570164143,0.863472678485824,-32.60747617878052,-60.62170537290178
PERIOD,P3,CURRENT,ALL,0.0,82,41.46341463414634,0.4016653923130882,1.2744713514139439,32.09292412686822,-19.328152870772154
PERIOD,P3,CURRENT,ALL,0.05,82,41.46341463414634,0.3516653923130884,1.2355928281836053,26.79980770573649,-21.093381538825728
PERIOD,P3,CURRENT,ALL,0.1,82,41.46341463414634,0.30166539231308837,1.198209632769818,21.71630577760253,-22.82084409810863
PERIOD,P3,CURRENT,ALL,0.15,82,41.46341463414634,0.2516653923130881,1.1622371239754186,16.83421590305898,-24.511330119164
PERIOD,P3,CURRENT,ALL,0.2,82,41.46341463414634,0.20166539231308803,1.127596930321553,12.145652751901714,-26.1656130504625
PERIOD,P3,CURRENT,ALL,0.25,82,41.46341463414634,0.15166539231308823,1.0942163800732825,7.643035992988256,-27.784450539718954
PERIOD,P3,CURRENT,ALL,0.3,82,41.46341463414634,0.1016653923130884,1.0620279923338785,3.3190786408592965,-29.43975107478789
PERIOD,P3,CURRENT,ALL,0.4,82,41.46341463414634,0.001665392313088065,1.0009810500694916,-4.820605914841525,-33.64276944736472
PERIOD,P3,CURRENT,ALL,0.5,82,41.46341463414634,-0.09833460768691178,0.9440039039560643,-12.326245544477299,-37.59929572270708
PERIOD,P3,CURRENT,ALL,0.6,82,41.46341463414634,-0.1983346076869117,0.8907027027531803,-19.24666635369322,-41.32355859277046
PERIOD,P4,CURRENT,ALL,0.0,57,43.859649122807014,0.2710508553716852,1.1989248504009493,13.147082267885967,-20.290678665641938
PERIOD,P4,CURRENT,ALL,0.05,57,43.859649122807014,0.2210508553716853,1.1589551369212738,9.972242257363572,-20.89559465706702
PERIOD,P4,CURRENT,ALL,0.1,57,43.859649122807014,0.1710508553716853,1.1205670706407262,6.8849650988269895,-21.49622394226345
PERIOD,P4,CURRENT,ALL,0.15,57,43.859649122807014,0.12105085537168507,1.083668591639034,3.8828777848350704,-22.0925947423105
PERIOD,P4,CURRENT,ALL,0.2,57,42.10526315789473,0.07105085537168511,1.0481561463303843,0.963670478683798,-22.684735106707354
PERIOD,P4,CURRENT,ALL,0.25,57,42.10526315789473,0.021050855371685197,1.013993100745116,-1.8749051368765257,-23.27267291432953
PERIOD,P4,CURRENT,ALL,0.3,57,42.10526315789473,-0.028949144628314657,0.9811199743634927,-4.635037468554392,-23.856435874380864
PERIOD,P4,CURRENT,ALL,0.4,57,42.10526315789473,-0.12894914462831492,0.9189618850096514,-9.928435719783623,-25.011547245905508
PERIOD,P4,CURRENT,ALL,0.5,57,38.59649122807017,-0.22894914462831473,0.8613827531586709,-14.93289188852004,-26.150287537344795
PERIOD,P4,CURRENT,ALL,0.6,57,38.59649122807017,-0.32894914462831476,0.8079765661179509,-19.663911247535882,-27.27287241012658
PERIOD,P1,CURRENT,SHORT_ONLY,0.0,28,25.0,-0.6436529507121147,0.6309989816286126,-17.601149621463218,-23.686594970752996
PERIOD,P1,CURRENT,SHORT_ONLY,0.05,28,25.0,-0.6936529507121145,0.6107036534674312,-18.755387901385077,-24.380992589053786
PERIOD,P1,CURRENT,SHORT_ONLY,0.1,28,25.0,-0.7436529507121147,0.5912449874658932,-19.89402780857371,-25.069419871762587
PERIOD,P1,CURRENT,SHORT_ONLY,0.15,28,25.0,-0.7936529507121147,0.572572292177265,-21.017272427405775,-25.751925154472175
PERIOD,P1,CURRENT,SHORT_ONLY,0.2,28,25.0,-0.8436529507121149,0.5546388901274361,-22.125322298684413,-26.428556405735126
PERIOD,P1,CURRENT,SHORT_ONLY,0.25,28,25.0,-0.8936529507121146,0.5374017282222349,-23.21837545023727,-27.09936122966682
PERIOD,P1,CURRENT,SHORT_ONLY,0.3,28,25.0,-0.9436529507121145,0.5208210326669183,-24.296627427160843,-27.764386868530522
PERIOD,P1,CURRENT,SHORT_ONLY,0.4,28,25.0,-1.0436529507121146,0.489484537301503,-26.40949780288009,-29.07728776624109
PERIOD,P1,CURRENT,SHORT_ONLY,0.5,28,25.0,-1.1436529507121145,0.46036596644469824,-28.46544925943083,-30.367629897110447
PERIOD,P1,CURRENT,SHORT_ONLY,0.6,28,25.0,-1.2436529507121148,0.433237898934031,-30.465959784467255,-31.635778432375606
PERIOD,P2,CURRENT,SHORT_ONLY,0.0,75,49.333333333333336,1.192661428017925,1.9533924601389052,131.30591317125976,-28.045161281901443
PERIOD,P2,CURRENT,SHORT_ONLY,0.05,75,49.333333333333336,1.1426614280179253,1.8952927537246878,122.87784995393709,-28.523386981820586
PERIOD,P2,CURRENT,SHORT_ONLY,0.1,75,49.333333333333336,1.0926614280179252,1.8394546060654795,114.7529268106914,-28.998677290910734
PERIOD,P2,CURRENT,SHORT_ONLY,0.15,75,49.333333333333336,1.042661428017925,1.7857484897413907,106.9203827022886,-29.4710487338393
PERIOD,P2,CURRENT,SHORT_ONLY,0.2,75,49.333333333333336,0.9926614280179251,1.7340545833540877,99.36983353534086,-29.9405177506622
PERIOD,P2,CURRENT,SHORT_ONLY,0.25,75,49.333333333333336,0.9426614280179251,1.6842618791049249,92.09125913561722,-30.407100697214084
PERIOD,P2,CURRENT,SHORT_ONLY,0.3,75,49.333333333333336,0.8926614280179254,1.6362673870597773,85.07499066541324,-30.87081384549669
PERIOD,P2,CURRENT,SHORT_ONLY,0.4,75,49.333333333333336,0.792661428017925,1.5452969772023688,71.79238033901343,-31.78969541841671
PERIOD,P2,CURRENT,SHORT_ONLY,0.5,75,49.333333333333336,0.6926614280179252,1.4604545602650225,59.45122700776344,-32.69729098344244
PERIOD,P2,CURRENT,SHORT_ONLY,0.6,75,49.333333333333336,0.5926614280179253,1.381141116718094,47.98564060178951,-33.90027793116622
PERIOD,P3,CURRENT,SHORT_ONLY,0.0,34,44.11764705882353,0.5237412766004326,1.3748884927245217,16.99991209294027,-15.366343303331575
PERIOD,P3,CURRENT,SHORT_ONLY,0.05,34,44.11764705882353,0.4737412766004327,1.3324500186669719,15.035078521933087,-15.711418898223684
PERIOD,P3,CURRENT,SHORT_ONLY,0.1,34,44.11764705882353,0.4237412766004326,1.2916437936116352,13.102285538461933,-16.055262788632795
PERIOD,P3,CURRENT,SHORT_ONLY,0.15,34,44.11764705882353,0.3737412766004325,1.2523774261055562,11.201026256026857,-16.397878744765304
PERIOD,P3,CURRENT,SHORT_ONLY,0.2,34,44.11764705882353,0.32374127660043234,1.21456536850711,9.330801560118474,-16.739270527205697
PERIOD,P3,CURRENT,SHORT_ONLY,0.25,34,44.11764705882353,0.27374127660043257,1.1781282948213347,7.4911199928427985,-17.07944188693642
PERIOD,P3,CURRENT,SHORT_ONLY,0.3,34,44.11764705882353,0.22374127660043266,1.1429925451957659,5.681497639202204,-17.418396565357387
PERIOD,P3,CURRENT,SHORT_ONLY,0.4,34,44.11764705882353,0.12374127660043248,1.076355778664514,2.1505319564173453,-18.09267079607475
PERIOD,P3,CURRENT,SHORT_ONLY,0.5,34,44.11764705882353,0.02374127660043257,1.0141614632353457,-1.265820169442955,-18.76212295965076
PERIOD,P3,CURRENT,SHORT_ONLY,0.6,34,44.11764705882353,-0.07625872339956741,0.9559796842854789,-4.571169741146608,-19.426782644309203
PERIOD,P4,CURRENT,SHORT_ONLY,0.0,31,48.38709677419355,0.323205133516113,1.2659982459351902,8.89301441463135,-20.276813223850787
PERIOD,P4,CURRENT,SHORT_ONLY,0.05,31,48.38709677419355,0.2732051335161131,1.2201720041217121,7.221547893922242,-20.802578016868868
PERIOD,P4,CURRENT,SHORT_ONLY,0.1,31,48.38709677419355,0.2232051335161131,1.176213029081157,5.574921677020073,-21.325140607164116
PERIOD,P4,CURRENT,SHORT_ONLY,0.15,31,48.38709677419355,0.173205133516113,1.134009472187335,3.952778741958629,-21.84451888143669
PERIOD,P4,CURRENT,SHORT_ONLY,0.2,31,45.16129032258064,0.12320513351611287,1.093384435791964,2.354767023500215,-22.38580776616391
PERIOD,P4,CURRENT,SHORT_ONLY,0.25,31,45.16129032258064,0.07320513351611303,1.0543568037764803,0.7805393467455568,-22.93726809163632
PERIOD,P4,CURRENT,SHORT_ONLY,0.3,31,45.16129032258064,0.023205133516113162,1.01688663764292,-0.7702466383990747,-23.485088297237077
PERIOD,P4,CURRENT,SHORT_ONLY,0.4,31,45.16129032258064,-0.07679486648388706,0.9462600935665189,-3.80283919749691,-24.5698969869534
PERIOD,P4,CURRENT,SHORT_ONLY,0.5,31,41.935483870967744,-0.17679486648388695,0.8810506050392968,-6.745655395754724,-25.640409874716653
PERIOD,P4,CURRENT,SHORT_ONLY,0.6,31,41.935483870967744,-0.2767948664838869,0.8207713982759898,-9.601266832252996,-26.69680103502916
PERIOD,P1,CURRENT,NO_NEUTRAL,0.0,69,31.88405797101449,-0.3373095011934991,0.7877414432700801,-23.339175847768246,-32.794469792079575
PERIOD,P1,CURRENT,NO_NEUTRAL,0.05,69,31.88405797101449,-0.38730950119349905,0.7613917382406189,-25.950567612514774,-34.17208351879598
PERIOD,P1,CURRENT,NO_NEUTRAL,0.1,69,31.88405797101449,-0.43730950119349904,0.7361250464905003,-28.4742512477556,-35.52213358038176
PERIOD,P1,CURRENT,NO_NEUTRAL,0.15,69,31.88405797101449,-0.48730950119349914,0.71187594230866,-30.913130663157883,-36.8451579518321
PERIOD,P1,CURRENT,NO_NEUTRAL,0.2,69,31.88405797101449,-0.5373095011934993,0.6885841658529848,-33.27001501273655,-38.14168437244816
PERIOD,P1,CURRENT,NO_NEUTRAL,0.25,69,31.88405797101449,-0.5873095011934991,0.6661941231628548,-35.547621741390046,-39.59939705660956
PERIOD,P1,CURRENT,NO_NEUTRAL,0.3,69,31.88405797101449,-0.637309501193499,0.6446544431395036,-37.74857953494565,-41.57622199749866
PERIOD,P1,CURRENT,NO_NEUTRAL,0.4,69,31.88405797101449,-0.7373095011934993,0.60393948329989,-41.93063631354323,-45.340649327918726
PERIOD,P1,CURRENT,NO_NEUTRAL,0.5,69,31.88405797101449,-0.8373095011934992,0.5660988595373156,-45.835545961647504,-48.865966128515616
PERIOD,P1,CURRENT,NO_NEUTRAL,0.6,69,30.434782608695656,-0.9373095011934991,0.5309532370965505,-49.481422594115735,-52.167141185506196
PERIOD,P2,CURRENT,NO_NEUTRAL,0.0,92,41.30434782608695,0.5918435554493948,1.4068794965196025,61.9757074983263,-31.407651410027782
PERIOD,P2,CURRENT,NO_NEUTRAL,0.05,92,41.30434782608695,0.5418435554493949,1.3651385590498724,54.724414433910454,-32.442317127019685
PERIOD,P2,CURRENT,NO_NEUTRAL,0.1,92,41.30434782608695,0.49184355544939484,1.3250166210889402,47.79436968966741,-33.46188867394895
PERIOD,P2,CURRENT,NO_NEUTRAL,0.15,92,41.30434782608695,0.44184355544939463,1.286421280786893,41.17149096033381,-34.4665787601553
PERIOD,P2,CURRENT,NO_NEUTRAL,0.2,92,41.30434782608695,0.3918435554493947,1.2492670366059493,34.84230668660051,-35.45659720311512
PERIOD,P2,CURRENT,NO_NEUTRAL,0.25,92,41.30434782608695,0.34184355544939476,1.2134746550052877,28.793929852372724,-36.432150966319455
PERIOD,P2,CURRENT,NO_NEUTRAL,0.3,92,41.30434782608695,0.29184355544939494,1.178970606405711,23.014032893962554,-37.39344419667437
PERIOD,P2,CURRENT,NO_NEUTRAL,0.4,92,41.30434782608695,0.19184355544939463,1.1135589370229488,12.213022479103541,-39.274051784646566
PERIOD,P2,CURRENT,NO_NEUTRAL,0.5,92,41.30434782608695,0.09184355544939478,1.0525399756997722,2.3509561818649605,-41.099998202296305
PERIOD,P2,CURRENT,NO_NEUTRAL,0.6,92,41.30434782608695,-0.00815644455060512,0.9954856101399746,-6.6529692195905765,-42.87281893505265
PERIOD,P3,CURRENT,NO_NEUTRAL,0.0,82,41.46341463414634,0.4016653923130882,1.2744713514139439,32.09292412686822,-19.328152870772154
PERIOD,P3,CURRENT,NO_NEUTRAL,0.05,82,41.46341463414634,0.3516653923130884,1.2355928281836053,26.79980770573649,-21.093381538825728
PERIOD,P3,CURRENT,NO_NEUTRAL,0.1,82,41.46341463414634,0.30166539231308837,1.198209632769818,21.71630577760253,-22.82084409810863
PERIOD,P3,CURRENT,NO_NEUTRAL,0.15,82,41.46341463414634,0.2516653923130881,1.1622371239754186,16.83421590305898,-24.511330119164
PERIOD,P3,CURRENT,NO_NEUTRAL,0.2,82,41.46341463414634,0.20166539231308803,1.127596930321553,12.145652751901714,-26.1656130504625
PERIOD,P3,CURRENT,NO_NEUTRAL,0.25,82,41.46341463414634,0.15166539231308823,1.0942163800732825,7.643035992988256,-27.784450539718954
PERIOD,P3,CURRENT,NO_NEUTRAL,0.3,82,41.46341463414634,0.1016653923130884,1.0620279923338785,3.3190786408592965,-29.43975107478789
PERIOD,P3,CURRENT,NO_NEUTRAL,0.4,82,41.46341463414634,0.001665392313088065,1.0009810500694916,-4.820605914841525,-33.64276944736472
PERIOD,P3,CURRENT,NO_NEUTRAL,0.5,82,41.46341463414634,-0.09833460768691178,0.9440039039560643,-12.326245544477299,-37.59929572270708
PERIOD,P3,CURRENT,NO_NEUTRAL,0.6,82,41.46341463414634,-0.1983346076869117,0.8907027027531803,-19.24666635369322,-41.32355859277046
PERIOD,P4,CURRENT,NO_NEUTRAL,0.0,7,57.14285714285714,1.7857142857142847,2.6666666666666616,12.660336318359366,-2.5000000000000133
PERIOD,P4,CURRENT,NO_NEUTRAL,0.05,7,57.14285714285714,1.7357142857142847,2.5882352941176427,12.27299344192938,-2.550000000000019
PERIOD,P4,CURRENT,NO_NEUTRAL,0.1,7,57.14285714285714,1.6857142857142848,2.5128205128205083,11.886792361785293,-2.6000000000000134
PERIOD,P4,CURRENT,NO_NEUTRAL,0.15,7,57.14285714285714,1.6357142857142846,2.44025157232704,11.501730272389787,-2.650000000000019
PERIOD,P4,CURRENT,NO_NEUTRAL,0.2,7,57.14285714285714,1.5857142857142843,2.3703703703703667,11.117804373721874,-2.7000000000000135
PERIOD,P4,CURRENT,NO_NEUTRAL,0.25,7,57.14285714285714,1.5357142857142847,2.3030303030302988,10.73501187126864,-2.750000000000008
PERIOD,P4,CURRENT,NO_NEUTRAL,0.3,7,57.14285714285714,1.485714285714285,2.2380952380952346,10.35334997601729,-2.8000000000000136
PERIOD,P4,CURRENT,NO_NEUTRAL,0.4,7,57.14285714285714,1.3857142857142846,2.114942528735629,9.593406878520593,-2.9000000000000137
PERIOD,P4,CURRENT,NO_NEUTRAL,0.5,7,57.14285714285714,1.2857142857142847,1.999999999999997,8.837952878822053,-3.0000000000000138
PERIOD,P4,CURRENT,NO_NEUTRAL,0.6,7,57.14285714285714,1.1857142857142848,1.8924731182795673,8.08696586199391,-3.100000000000014
PERIOD,P1,CURRENT,SHORT_NO_NEUTRAL,0.0,28,25.0,-0.6436529507121147,0.6309989816286126,-17.601149621463218,-23.686594970752996
PERIOD,P1,CURRENT,SHORT_NO_NEUTRAL,0.05,28,25.0,-0.6936529507121145,0.6107036534674312,-18.755387901385077,-24.380992589053786
PERIOD,P1,CURRENT,SHORT_NO_NEUTRAL,0.1,28,25.0,-0.7436529507121147,0.5912449874658932,-19.89402780857371,-25.069419871762587
PERIOD,P1,CURRENT,SHORT_NO_NEUTRAL,0.15,28,25.0,-0.7936529507121147,0.572572292177265,-21.017272427405775,-25.751925154472175
PERIOD,P1,CURRENT,SHORT_NO_NEUTRAL,0.2,28,25.0,-0.8436529507121149,0.5546388901274361,-22.125322298684413,-26.428556405735126
PERIOD,P1,CURRENT,SHORT_NO_NEUTRAL,0.25,28,25.0,-0.8936529507121146,0.5374017282222349,-23.21837545023727,-27.09936122966682
PERIOD,P1,CURRENT,SHORT_NO_NEUTRAL,0.3,28,25.0,-0.9436529507121145,0.5208210326669183,-24.296627427160843,-27.764386868530522
PERIOD,P1,CURRENT,SHORT_NO_NEUTRAL,0.4,28,25.0,-1.0436529507121146,0.489484537301503,-26.40949780288009,-29.07728776624109
PERIOD,P1,CURRENT,SHORT_NO_NEUTRAL,0.5,28,25.0,-1.1436529507121145,0.46036596644469824,-28.46544925943083,-30.367629897110447
PERIOD,P1,CURRENT,SHORT_NO_NEUTRAL,0.6,28,25.0,-1.2436529507121148,0.433237898934031,-30.465959784467255,-31.635778432375606
PERIOD,P2,CURRENT,SHORT_NO_NEUTRAL,0.0,68,50.0,1.2419059867844755,2.0074820880389725,121.10592233542023,-24.44741934599651
PERIOD,P2,CURRENT,SHORT_NO_NEUTRAL,0.05,68,50.0,1.1919059867844755,1.947699888931018,113.79237261650812,-24.985294637420697
PERIOD,P2,CURRENT,SHORT_NO_NEUTRAL,0.1,68,50.0,1.1419059867844754,1.8902480474288008,106.71728830901155,-25.519612478165353
PERIOD,P2,CURRENT,SHORT_NO_NEUTRAL,0.15,68,50.0,1.0919059867844756,1.8349929097126663,99.87300647620334,-26.050394597430504
PERIOD,P2,CURRENT,SHORT_NO_NEUTRAL,0.2,68,50.0,1.0419059867844755,1.7818108508914565,93.25210680780106,-26.577662602693984
PERIOD,P2,CURRENT,SHORT_NO_NEUTRAL,0.25,68,50.0,0.9919059867844754,1.7305873516528734,86.84740405248121,-27.101437980331767
PERIOD,P2,CURRENT,SHORT_NO_NEUTRAL,0.3,68,50.0,0.9419059867844757,1.6812161750831816,80.65194068285074,-27.621742096235067
PERIOD,P2,CURRENT,SHORT_NO_NEUTRAL,0.4,68,50.0,0.8419059867844754,1.5876429185077208,68.86199817166485,-28.652021407663895
PERIOD,P2,CURRENT,SHORT_NO_NEUTRAL,0.5,68,50.0,0.7419059867844754,1.5003807385467505,57.83090878066823,-29.668669077697373
PERIOD,P2,CURRENT,SHORT_NO_NEUTRAL,0.6,68,50.0,0.6419059867844755,1.4188119852840957,47.510512743937916,-30.991890160137537
PERIOD,P3,CURRENT,SHORT_NO_NEUTRAL,0.0,34,44.11764705882353,0.5237412766004326,1.3748884927245217,16.99991209294027,-15.366343303331575
PERIOD,P3,CURRENT,SHORT_NO_NEUTRAL,0.05,34,44.11764705882353,0.4737412766004327,1.3324500186669719,15.035078521933087,-15.711418898223684
PERIOD,P3,CURRENT,SHORT_NO_NEUTRAL,0.1,34,44.11764705882353,0.4237412766004326,1.2916437936116352,13.102285538461933,-16.055262788632795
PERIOD,P3,CURRENT,SHORT_NO_NEUTRAL,0.15,34,44.11764705882353,0.3737412766004325,1.2523774261055562,11.201026256026857,-16.397878744765304
PERIOD,P3,CURRENT,SHORT_NO_NEUTRAL,0.2,34,44.11764705882353,0.32374127660043234,1.21456536850711,9.330801560118474,-16.739270527205697
PERIOD,P3,CURRENT,SHORT_NO_NEUTRAL,0.25,34,44.11764705882353,0.27374127660043257,1.1781282948213347,7.4911199928427985,-17.07944188693642
PERIOD,P3,CURRENT,SHORT_NO_NEUTRAL,0.3,34,44.11764705882353,0.22374127660043266,1.1429925451957659,5.681497639202204,-17.418396565357387
PERIOD,P3,CURRENT,SHORT_NO_NEUTRAL,0.4,34,44.11764705882353,0.12374127660043248,1.076355778664514,2.1505319564173453,-18.09267079607475
PERIOD,P3,CURRENT,SHORT_NO_NEUTRAL,0.5,34,44.11764705882353,0.02374127660043257,1.0141614632353457,-1.265820169442955,-18.76212295965076
PERIOD,P3,CURRENT,SHORT_NO_NEUTRAL,0.6,34,44.11764705882353,-0.07625872339956741,0.9559796842854789,-4.571169741146608,-19.426782644309203
PERIOD,P4,CURRENT,SHORT_NO_NEUTRAL,0.0,2,100.0,4.999999999999998,inf,10.250000000000004,0.0
PERIOD,P4,CURRENT,SHORT_NO_NEUTRAL,0.05,2,100.0,4.949999999999998,inf,10.145025000000008,0.0
PERIOD,P4,CURRENT,SHORT_NO_NEUTRAL,0.1,2,100.0,4.899999999999999,inf,10.040099999999995,0.0
PERIOD,P4,CURRENT,SHORT_NO_NEUTRAL,0.15,2,100.0,4.849999999999998,inf,9.935224999999992,0.0
PERIOD,P4,CURRENT,SHORT_NO_NEUTRAL,0.2,2,100.0,4.799999999999998,inf,9.830400000000017,0.0
PERIOD,P4,CURRENT,SHORT_NO_NEUTRAL,0.25,2,100.0,4.749999999999998,inf,9.725625000000004,0.0
PERIOD,P4,CURRENT,SHORT_NO_NEUTRAL,0.3,2,100.0,4.699999999999998,inf,9.620899999999978,0.0
PERIOD,P4,CURRENT,SHORT_NO_NEUTRAL,0.4,2,100.0,4.599999999999998,inf,9.411600000000009,0.0
PERIOD,P4,CURRENT,SHORT_NO_NEUTRAL,0.5,2,100.0,4.499999999999998,inf,9.20249999999998,0.0
PERIOD,P4,CURRENT,SHORT_NO_NEUTRAL,0.6,2,100.0,4.399999999999999,inf,8.9936,0.0
PERIOD,P1,EMA_MACD,ALL,0.0,121,36.36363636363637,-0.2923177921923848,0.8088784665026589,-33.51600797089736,-45.41472737377976
PERIOD,P1,EMA_MACD,ALL,0.05,121,36.36363636363637,-0.3423177921923846,0.7807488754338179,-37.43444746634174,-47.07157256483997
PERIOD,P1,EMA_MACD,ALL,0.1,121,36.36363636363637,-0.3923177921923848,0.7537429045228279,-41.12373964489452,-49.860329387027534
PERIOD,P1,EMA_MACD,ALL,0.15,121,36.36363636363637,-0.4423177921923848,0.7277945485098225,-44.597179616130944,-52.58542547910581
PERIOD,P1,EMA_MACD,ALL,0.2,121,34.710743801652896,-0.49231779219238475,0.7028837595427209,-47.86729722082429,-55.163675414636096
PERIOD,P1,EMA_MACD,ALL,0.25,121,34.710743801652896,-0.5423177921923847,0.6790319645098408,-50.9459007277768,-57.60292410373866
PERIOD,P1,EMA_MACD,ALL,0.3,121,34.710743801652896,-0.5923177921923847,0.656084359972752,-53.844118055692206,-59.91060100388748
PERIOD,P1,EMA_MACD,ALL,0.4,121,34.710743801652896,-0.6923177921923849,0.612703573832727,-59.14073520980987,-64.15900972042827
PERIOD,P1,EMA_MACD,ALL,0.5,121,33.88429752066116,-0.7923177921923847,0.5725467258279698,-63.833988566136426,-67.96082899341248
PERIOD,P1,EMA_MACD,ALL,0.6,121,33.057851239669425,-0.8923177921923848,0.5352443141429721,-67.9921024555415,-71.36262177797481
PERIOD,P2,EMA_MACD,ALL,0.0,156,43.58974358974359,0.7048691949130471,1.505195497633185,170.18212873863447,-29.304437487253153
PERIOD,P2,EMA_MACD,ALL,0.05,156,43.58974358974359,0.6548691949130472,1.460059171641568,150.01529715847857,-30.160350370761858
PERIOD,P2,EMA_MACD,ALL,0.1,156,43.58974358974359,0.6048691949130472,1.4166768156003686,131.34481022011153,-31.006327667911982
PERIOD,P2,EMA_MACD,ALL,0.15,156,43.58974358974359,0.554869194913047,1.3749481407934832,114.06030567954826,-31.842479751559814
PERIOD,P2,EMA_MACD,ALL,0.2,156,43.58974358974359,0.5048691949130469,1.3347803612680536,98.05951199327903,-32.66891582361314
PERIOD,P2,EMA_MACD,ALL,0.25,156,43.58974358974359,0.45486919491304706,1.2960875050983112,83.24765878274027,-33.48574392686837
PERIOD,P2,EMA_MACD,ALL,0.3,156,43.58974358974359,0.4048691949130473,1.2587898001508646,69.5369299934405,-34.29307095673324
PERIOD,P2,EMA_MACD,ALL,0.4,156,43.58974358974359,0.304869194913047,1.1880885178540863,45.09934653426559,-35.87964371053203
PERIOD,P2,EMA_MACD,ALL,0.5,156,43.58974358974359,0.20486919491304706,1.1221428512678286,24.164943542583273,-37.42946673891387
PERIOD,P2,EMA_MACD,ALL,0.6,156,43.58974358974359,0.10486919491304722,1.060488593447144,6.234308560536372,-40.9091866583601
PERIOD,P3,EMA_MACD,ALL,0.0,123,42.27642276422765,0.5929946042393792,1.410920204627852,90.97435631395203,-34.042371235657434
PERIOD,P3,EMA_MACD,ALL,0.05,123,42.27642276422765,0.5429946042393793,1.3688944287293212,79.63139375390476,-35.16846950732776
PERIOD,P3,EMA_MACD,ALL,0.1,123,42.27642276422765,0.49299460423937946,1.3284850288268892,68.95698932598786,-36.275898343981716
PERIOD,P3,EMA_MACD,ALL,0.15,123,42.27642276422765,0.442994604239379,1.289600511939642,58.912042377912584,-37.36495802863279
PERIOD,P3,EMA_MACD,ALL,0.2,123,42.27642276422765,0.39299460423937904,1.252156162344516,49.459721241270756,-38.43594416316334
PERIOD,P3,EMA_MACD,ALL,0.25,123,42.27642276422765,0.3429946042393791,1.2160734254619394,40.56533259900388,-39.48914773897913
PERIOD,P3,EMA_MACD,ALL,0.3,123,42.27642276422765,0.2929946042393793,1.1812793577537404,32.19619831415341,-41.08142131039312
PERIOD,P3,EMA_MACD,ALL,0.4,123,42.27642276422765,0.19299460423937906,1.1152906086519847,16.912366012542556,-44.822391543247065
PERIOD,P3,EMA_MACD,ALL,0.5,123,42.27642276422765,0.09299460423937916,1.0537011094903457,3.3828527962127986,-48.32926095285619
PERIOD,P3,EMA_MACD,ALL,0.6,123,42.27642276422765,-0.007005395760620561,0.9960851264036514,-8.592244256819171,-51.650631836331875
PERIOD,P4,EMA_MACD,ALL,0.0,85,40.0,0.02281709494885146,1.0159575733361363,-2.291408881894841,-33.482107293207555
PERIOD,P4,EMA_MACD,ALL,0.05,85,40.0,-0.02718290505114845,0.9813797856942019,-6.36106719809294,-34.42084234868131
PERIOD,P4,EMA_MACD,ALL,0.1,85,38.82352941176471,-0.0771829050511484,0.9482148540181445,-10.263133899360133,-35.346796438613396
PERIOD,P4,EMA_MACD,ALL,0.15,85,38.82352941176471,-0.12718290505114854,0.916383867779231,-14.004431654770999,-36.26013721328304
PERIOD,P4,EMA_MACD,ALL,0.2,85,37.64705882352941,-0.1771829050511486,0.8858358551035904,-17.591508596289206,-37.16103020742616
PERIOD,P4,EMA_MACD,ALL,0.25,85,37.64705882352941,-0.22718290505114855,0.8565019642472179,-21.03064923638801,-38.049638865874556
PERIOD,P4,EMA_MACD,ALL,0.3,85,37.64705882352941,-0.27718290505114834,0.8283010678025375,-24.327884956661283,-38.92612456889911
PERIOD,P4,EMA_MACD,ALL,0.4,85,37.64705882352941,-0.3771829050511486,0.7750454571824223,-30.51956157089065,-40.765529567688496
PERIOD,P4,EMA_MACD,ALL,0.5,85,36.470588235294116,-0.4771829050511487,0.725737616792494,-36.210099985916685,-43.12023862807701
PERIOD,P4,EMA_MACD,ALL,0.6,85,36.470588235294116,-0.5771829050511483,0.6799485721619892,-41.43961664691203,-45.38359328864763
PERIOD,P1,EMA_MACD,SHORT_ONLY,0.0,58,37.93103448275862,-0.20671133942541167,0.8618074592451793,-13.580202776093497,-25.953369653942005
PERIOD,P1,EMA_MACD,SHORT_ONLY,0.05,58,37.93103448275862,-0.2567113394254117,0.831869289636182,-16.058208256353023,-27.93800218248037
PERIOD,P1,EMA_MACD,SHORT_ONLY,0.1,58,37.93103448275862,-0.3067113394254118,0.8031239070383508,-18.46635077448734,-29.870401474543694
PERIOD,P1,EMA_MACD,SHORT_ONLY,0.15,58,37.93103448275862,-0.35671133942541167,0.7755014197924207,-20.806566368343592,-31.751916962893535
PERIOD,P1,EMA_MACD,SHORT_ONLY,0.2,58,37.93103448275862,-0.40671133942541193,0.7489372920567697,-23.080738357105513,-33.58386387191214
PERIOD,P1,EMA_MACD,SHORT_ONLY,0.25,58,37.93103448275862,-0.4567113394254116,0.7233718404286563,-25.2906987514108,-35.3675240681997
PERIOD,P1,EMA_MACD,SHORT_ONLY,0.3,58,37.93103448275862,-0.5067113394254117,0.6987497862913911,-27.43822962643103,-37.10414689043385
PERIOD,P1,EMA_MACD,SHORT_ONLY,0.4,58,37.93103448275862,-0.6067113394254117,0.6521344285886085,-31.552889428804278,-40.441119965787976
PERIOD,P1,EMA_MACD,SHORT_ONLY,0.5,58,36.206896551724135,-0.7067113394254118,0.6090492640283861,-35.43802559062539,-43.60415752424086
PERIOD,P1,EMA_MACD,SHORT_ONLY,0.6,58,36.206896551724135,-0.8067113394254118,0.5689416641610442,-39.106228961821145,-46.60216334715048
PERIOD,P2,EMA_MACD,SHORT_ONLY,0.0,100,54.0,1.4354854532769514,2.2482482202408316,289.37811900442006,-11.890430664062468
PERIOD,P2,EMA_MACD,SHORT_ONLY,0.05,100,54.0,1.3854854532769516,2.181147018991438,270.62144906686564,-12.116121040672635
PERIOD,P2,EMA_MACD,SHORT_ONLY,0.1,100,54.0,1.3354854532769513,2.1166266331747123,252.75968980846307,-12.341348700137566
PERIOD,P2,EMA_MACD,SHORT_ONLY,0.15,100,54.0,1.285485453276951,2.05454097889824,235.75055497785854,-12.566114354329638
PERIOD,P2,EMA_MACD,SHORT_ONLY,0.2,100,54.0,1.235485453276951,1.9947547932986756,219.55373697423343,-12.79041871439065
PERIOD,P2,EMA_MACD,SHORT_ONLY,0.25,100,54.0,1.185485453276951,1.937142650811822,204.1308151738998,-13.01426249073241
PERIOD,P2,EMA_MACD,SHORT_ONLY,0.3,100,54.0,1.1354854532769516,1.8815880848423567,189.44516846198383,-13.237646393036751
PERIOD,P2,EMA_MACD,SHORT_ONLY,0.4,100,54.0,1.0354854532769513,1.7762259769692306,162.1477164946961,-13.683037410614851
PERIOD,P2,EMA_MACD,SHORT_ONLY,0.5,100,54.0,0.9354854532769511,1.677888009620981,137.40132547973056,-15.157580986241747
PERIOD,P2,EMA_MACD,SHORT_ONLY,0.6,100,54.0,0.8354854532769513,1.5858944272629405,114.96977439365273,-17.10235879339904
PERIOD,P3,EMA_MACD,SHORT_ONLY,0.0,46,36.95652173913043,0.18574047287276307,1.1178491276158227,5.845752776385771,-21.989592955168348
PERIOD,P3,EMA_MACD,SHORT_ONLY,0.05,46,36.95652173913043,0.13574047287276308,1.0844362643968513,3.4399699580989207,-22.775934257899834
PERIOD,P3,EMA_MACD,SHORT_ONLY,0.1,46,36.95652173913043,0.08574047287276308,1.052308511301686,1.0877048773791032,-23.55474206105348
PERIOD,P3,EMA_MACD,SHORT_ONLY,0.15,46,36.95652173913043,0.03574047287276293,1.0213931262478475,-1.2122070823707642,-24.32608477231424
PERIOD,P3,EMA_MACD,SHORT_ONLY,0.2,46,36.95652173913043,-0.014259527127237177,0.991622755455263,-3.460905758517663,-25.090030212427617
PERIOD,P3,EMA_MACD,SHORT_ONLY,0.25,46,36.95652173913043,-0.06425952712723694,0.9629349436005905,-5.659506724401386,-25.846645619942542
PERIOD,P3,EMA_MACD,SHORT_ONLY,0.3,46,36.95652173913043,-0.1142595271272369,0.9352716964550137,-7.809101794073303,-26.59599765591656
PERIOD,P3,EMA_MACD,SHORT_ONLY,0.4,46,36.95652173913043,-0.2142595271272371,0.8828069173858151,-11.965525661410304,-28.073175398003702
PERIOD,P3,EMA_MACD,SHORT_ONLY,0.5,46,36.95652173913043,-0.3142595271272369,0.8338397902545639,-15.938455227948968,-29.522085353917106
PERIOD,P3,EMA_MACD,SHORT_ONLY,0.6,46,36.95652173913043,-0.4142595271272369,0.7880318326156512,-19.735818831659135,-31.07580030096283
PERIOD,P4,EMA_MACD,SHORT_ONLY,0.0,45,46.666666666666664,0.2803741978711685,1.2187878035003352,10.952232005068762,-22.55625842639144
PERIOD,P4,EMA_MACD,SHORT_ONLY,0.05,45,46.666666666666664,0.2303741978711687,1.1761060828549648,8.48752220733562,-23.33711691615128
PERIOD,P4,EMA_MACD,SHORT_ONLY,0.1,45,44.44444444444444,0.1803741978711685,1.135017970024491,6.076372495992288,-24.110492185011655
PERIOD,P4,EMA_MACD,SHORT_ONLY,0.15,45,44.44444444444444,0.1303741978711685,1.0956029246660717,3.7176448817422436,-24.876452205019127
PERIOD,P4,EMA_MACD,SHORT_ONLY,0.2,45,42.22222222222222,0.08037419787116833,1.0577317622782199,1.4102250029998764,-25.659083900592805
PERIOD,P4,EMA_MACD,SHORT_ONLY,0.25,45,42.22222222222222,0.030374197871168462,1.0213738801856582,-0.8469783532303099,-26.44697913594357
PERIOD,P4,EMA_MACD,SHORT_ONLY,0.3,45,42.22222222222222,-0.01962580212883131,0.9864647628258264,-3.05503372099164,-27.226917771151882
PERIOD,P4,EMA_MACD,SHORT_ONLY,0.4,45,42.22222222222222,-0.1196258021288315,0.9206597190920279,-7.327863985431349,-28.7632300230361
PERIOD,P4,EMA_MACD,SHORT_ONLY,0.5,45,42.22222222222222,-0.21962580212883154,0.8597118923794499,-11.416377749878182,-30.268623308211893
PERIOD,P4,EMA_MACD,SHORT_ONLY,0.6,45,42.22222222222222,-0.3196258021288315,0.8031026407185833,-15.32835263916077,-31.743689352426685
PERIOD,P1,EMA_MACD,NO_NEUTRAL,0.0,120,35.833333333333336,-0.31823497314576393,0.7936530029888151,-35.33801706503,-45.414727373779805
PERIOD,P1,EMA_MACD,NO_NEUTRAL,0.05,120,35.833333333333336,-0.3682349731457638,0.7660983603953493,-39.11946477971209,-47.07157256483997
PERIOD,P1,EMA_MACD,NO_NEUTRAL,0.1,120,35.833333333333336,-0.4182349731457639,0.739644371977219,-42.68150943843572,-48.67892730891561
PERIOD,P1,EMA_MACD,NO_NEUTRAL,0.15,120,35.833333333333336,-0.4682349731457639,0.7142263815742812,-46.03678013432787,-51.29473598264589
PERIOD,P1,EMA_MACD,NO_NEUTRAL,0.2,120,34.166666666666664,-0.5182349731457639,0.6898273835145347,-49.19718482732027,-53.91950196776576
PERIOD,P1,EMA_MACD,NO_NEUTRAL,0.25,120,34.166666666666664,-0.5682349731457639,0.6664724089674222,-52.173951189347065,-56.40403506811176
PERIOD,P1,EMA_MACD,NO_NEUTRAL,0.3,120,34.166666666666664,-0.6182349731457637,0.6440027910983219,-54.97766515489326,-58.75576234967842
PERIOD,P1,EMA_MACD,NO_NEUTRAL,0.4,120,34.166666666666664,-0.7182349731457639,0.6015256041722493,-60.10528720372612,-63.08857849683651
PERIOD,P1,EMA_MACD,NO_NEUTRAL,0.5,120,33.33333333333333,-0.8182349731457638,0.5622127052957223,-64.65323603952926,-66.96992679733246
PERIOD,P1,EMA_MACD,NO_NEUTRAL,0.6,120,32.5,-0.9182349731457639,0.5256980996892369,-68.68655449017125,-70.44646210317316
PERIOD,P2,EMA_MACD,NO_NEUTRAL,0.0,106,45.28301886792453,0.8461016381297986,1.6185294733914402,127.54079835417484,-20.37644914292943
PERIOD,P2,EMA_MACD,NO_NEUTRAL,0.05,106,45.28301886792453,0.7961016381297988,1.570566420836774,115.87314335246663,-20.743189523471507
PERIOD,P2,EMA_MACD,NO_NEUTRAL,0.1,106,45.28301886792453,0.7461016381297988,1.5244481010726711,104.79840979745903,-21.108427641572202
PERIOD,P2,EMA_MACD,NO_NEUTRAL,0.15,106,45.28301886792453,0.6961016381297985,1.4800700952619308,94.28673968872174,-21.472168884435973
PERIOD,P2,EMA_MACD,NO_NEUTRAL,0.2,106,45.28301886792453,0.6461016381297987,1.4373357192960328,84.30976484719577,-21.834418622699904
PERIOD,P2,EMA_MACD,NO_NEUTRAL,0.25,106,45.28301886792453,0.5961016381297987,1.396155320637986,74.84053326451232,-22.195182210476073
PERIOD,P2,EMA_MACD,NO_NEUTRAL,0.3,106,45.28301886792453,0.5461016381297988,1.3564456505034408,65.8534390593218,-22.554464985393807
PERIOD,P2,EMA_MACD,NO_NEUTRAL,0.4,106,45.28301886792453,0.44610163812979853,1.28113420714482,49.229573486631104,-23.268609365012296
PERIOD,P2,EMA_MACD,NO_NEUTRAL,0.5,106,45.28301886792453,0.3461016381297987,1.2108435266767743,34.25779275095291,-24.216867730800196
PERIOD,P2,EMA_MACD,NO_NEUTRAL,0.6,106,45.28301886792453,0.24610163812979877,1.14508772881957,20.775322321506962,-26.91976897483197
PERIOD,P3,EMA_MACD,NO_NEUTRAL,0.0,123,42.27642276422765,0.5929946042393792,1.410920204627852,90.97435631395203,-34.042371235657434
PERIOD,P3,EMA_MACD,NO_NEUTRAL,0.05,123,42.27642276422765,0.5429946042393793,1.3688944287293212,79.63139375390476,-35.16846950732776
PERIOD,P3,EMA_MACD,NO_NEUTRAL,0.1,123,42.27642276422765,0.49299460423937946,1.3284850288268892,68.95698932598786,-36.275898343981716
PERIOD,P3,EMA_MACD,NO_NEUTRAL,0.15,123,42.27642276422765,0.442994604239379,1.289600511939642,58.912042377912584,-37.36495802863279
PERIOD,P3,EMA_MACD,NO_NEUTRAL,0.2,123,42.27642276422765,0.39299460423937904,1.252156162344516,49.459721241270756,-38.43594416316334
PERIOD,P3,EMA_MACD,NO_NEUTRAL,0.25,123,42.27642276422765,0.3429946042393791,1.2160734254619394,40.56533259900388,-39.48914773897913
PERIOD,P3,EMA_MACD,NO_NEUTRAL,0.3,123,42.27642276422765,0.2929946042393793,1.1812793577537404,32.19619831415341,-41.08142131039312
PERIOD,P3,EMA_MACD,NO_NEUTRAL,0.4,123,42.27642276422765,0.19299460423937906,1.1152906086519847,16.912366012542556,-44.822391543247065
PERIOD,P3,EMA_MACD,NO_NEUTRAL,0.5,123,42.27642276422765,0.09299460423937916,1.0537011094903457,3.3828527962127986,-48.32926095285619
PERIOD,P3,EMA_MACD,NO_NEUTRAL,0.6,123,42.27642276422765,-0.007005395760620561,0.9960851264036514,-8.592244256819171,-51.650631836331875
PERIOD,P4,EMA_MACD,NO_NEUTRAL,0.0,11,72.72727272727273,2.276206161604996,4.338435703687327,27.38055749796333,-2.499999999999991
PERIOD,P4,EMA_MACD,NO_NEUTRAL,0.05,11,72.72727272727273,2.226206161604996,4.201080755249015,26.696533742237214,-2.550000000000008
PERIOD,P4,EMA_MACD,NO_NEUTRAL,0.1,11,72.72727272727273,2.1762061616049966,4.069008689442942,26.015850504833217,-2.6000000000000023
PERIOD,P4,EMA_MACD,NO_NEUTRAL,0.15,11,72.72727272727273,2.126206161604996,3.941920475176723,25.33849309761942,-2.650000000000019
PERIOD,P4,EMA_MACD,NO_NEUTRAL,0.2,11,72.72727272727273,2.076206161604996,3.8195392318092534,24.66444688989302,-2.7000000000000135
PERIOD,P4,EMA_MACD,NO_NEUTRAL,0.25,11,72.72727272727273,2.026206161604996,3.701608215473328,23.993697308183993,-2.750000000000008
PERIOD,P4,EMA_MACD,NO_NEUTRAL,0.3,11,72.72727272727273,1.9762061616049957,3.5878890211493997,23.326229836059653,-2.8000000000000025
PERIOD,P4,EMA_MACD,NO_NEUTRAL,0.4,11,72.72727272727273,1.8762061616049956,3.3722146870867755,22.001083438845615,-2.9000000000000026
PERIOD,P4,EMA_MACD,NO_NEUTRAL,0.5,11,72.72727272727273,1.776206161604996,3.1709186419616615,20.68889270011425,-3.0000000000000027
PERIOD,P4,EMA_MACD,NO_NEUTRAL,0.6,11,72.72727272727273,1.6762061616049964,2.9826094384575215,19.389543521873918,-3.100000000000014
PERIOD,P1,EMA_MACD,SHORT_NO_NEUTRAL,0.0,58,37.93103448275862,-0.20671133942541167,0.8618074592451793,-13.580202776093497,-25.953369653942005
PERIOD,P1,EMA_MACD,SHORT_NO_NEUTRAL,0.05,58,37.93103448275862,-0.2567113394254117,0.831869289636182,-16.058208256353023,-27.93800218248037
PERIOD,P1,EMA_MACD,SHORT_NO_NEUTRAL,0.1,58,37.93103448275862,-0.3067113394254118,0.8031239070383508,-18.46635077448734,-29.870401474543694
PERIOD,P1,EMA_MACD,SHORT_NO_NEUTRAL,0.15,58,37.93103448275862,-0.35671133942541167,0.7755014197924207,-20.806566368343592,-31.751916962893535
PERIOD,P1,EMA_MACD,SHORT_NO_NEUTRAL,0.2,58,37.93103448275862,-0.40671133942541193,0.7489372920567697,-23.080738357105513,-33.58386387191214
PERIOD,P1,EMA_MACD,SHORT_NO_NEUTRAL,0.25,58,37.93103448275862,-0.4567113394254116,0.7233718404286563,-25.2906987514108,-35.3675240681997
PERIOD,P1,EMA_MACD,SHORT_NO_NEUTRAL,0.3,58,37.93103448275862,-0.5067113394254117,0.6987497862913911,-27.43822962643103,-37.10414689043385
PERIOD,P1,EMA_MACD,SHORT_NO_NEUTRAL,0.4,58,37.93103448275862,-0.6067113394254117,0.6521344285886085,-31.552889428804278,-40.441119965787976
PERIOD,P1,EMA_MACD,SHORT_NO_NEUTRAL,0.5,58,36.206896551724135,-0.7067113394254118,0.6090492640283861,-35.43802559062539,-43.60415752424086
PERIOD,P1,EMA_MACD,SHORT_NO_NEUTRAL,0.6,58,36.206896551724135,-0.8067113394254118,0.5689416641610442,-39.106228961821145,-46.60216334715048
PERIOD,P2,EMA_MACD,SHORT_NO_NEUTRAL,0.0,78,53.84615384615385,1.4703432518174195,2.2742974849084345,196.36160474246333,-16.395271600075855
PERIOD,P2,EMA_MACD,SHORT_NO_NEUTRAL,0.05,78,53.84615384615385,1.420343251817419,2.2068275995834328,185.16971519626452,-16.819977404883304
PERIOD,P2,EMA_MACD,SHORT_NO_NEUTRAL,0.1,78,53.84615384615385,1.3703432518174192,2.1419527098478532,174.39525665528407,-17.242740596009178
PERIOD,P2,EMA_MACD,SHORT_NO_NEUTRAL,0.15,78,53.84615384615385,1.3203432518174192,2.079525929158899,164.02285491550535,-17.663569075331065
PERIOD,P2,EMA_MACD,SHORT_NO_NEUTRAL,0.2,78,53.84615384615385,1.2703432518174191,2.0194112514584264,154.03769482480212,-18.082470716589462
PERIOD,P2,EMA_MACD,SHORT_NO_NEUTRAL,0.25,78,53.84615384615385,1.2203432518174193,1.9614825620379697,144.42550021577273,-18.49945336547365
PERIOD,P2,EMA_MACD,SHORT_NO_NEUTRAL,0.3,78,53.84615384615385,1.1703432518174195,1.90562275438253,135.172514549487,-18.91452483970727
PERIOD,P2,EMA_MACD,SHORT_NO_NEUTRAL,0.4,78,53.84615384615385,1.0703432518174192,1.799681739863591,117.69163067268221,-19.738965395802765
PERIOD,P2,EMA_MACD,SHORT_NO_NEUTRAL,0.5,78,53.84615384615385,0.9703432518174193,1.7008034596459158,101.49469035203626,-20.55585437059787
PERIOD,P2,EMA_MACD,SHORT_NO_NEUTRAL,0.6,78,53.84615384615385,0.8703432518174191,1.6083044233132517,86.4885267567763,-21.36525330781397
PERIOD,P3,EMA_MACD,SHORT_NO_NEUTRAL,0.0,46,36.95652173913043,0.18574047287276307,1.1178491276158227,5.845752776385771,-21.989592955168348
PERIOD,P3,EMA_MACD,SHORT_NO_NEUTRAL,0.05,46,36.95652173913043,0.13574047287276308,1.0844362643968513,3.4399699580989207,-22.775934257899834
PERIOD,P3,EMA_MACD,SHORT_NO_NEUTRAL,0.1,46,36.95652173913043,0.08574047287276308,1.052308511301686,1.0877048773791032,-23.55474206105348
PERIOD,P3,EMA_MACD,SHORT_NO_NEUTRAL,0.15,46,36.95652173913043,0.03574047287276293,1.0213931262478475,-1.2122070823707642,-24.32608477231424
PERIOD,P3,EMA_MACD,SHORT_NO_NEUTRAL,0.2,46,36.95652173913043,-0.014259527127237177,0.991622755455263,-3.460905758517663,-25.090030212427617
PERIOD,P3,EMA_MACD,SHORT_NO_NEUTRAL,0.25,46,36.95652173913043,-0.06425952712723694,0.9629349436005905,-5.659506724401386,-25.846645619942542
PERIOD,P3,EMA_MACD,SHORT_NO_NEUTRAL,0.3,46,36.95652173913043,-0.1142595271272369,0.9352716964550137,-7.809101794073303,-26.59599765591656
PERIOD,P3,EMA_MACD,SHORT_NO_NEUTRAL,0.4,46,36.95652173913043,-0.2142595271272371,0.8828069173858151,-11.965525661410304,-28.073175398003702
PERIOD,P3,EMA_MACD,SHORT_NO_NEUTRAL,0.5,46,36.95652173913043,-0.3142595271272369,0.8338397902545639,-15.938455227948968,-29.522085353917106
PERIOD,P3,EMA_MACD,SHORT_NO_NEUTRAL,0.6,46,36.95652173913043,-0.4142595271272369,0.7880318326156512,-19.735818831659135,-31.07580030096283
PERIOD,P4,EMA_MACD,SHORT_NO_NEUTRAL,0.0,6,83.33333333333334,2.506377962942492,7.015307111062017,15.75133716096384,-2.499999999999991
PERIOD,P4,EMA_MACD,SHORT_NO_NEUTRAL,0.05,6,83.33333333333334,2.4563779629424913,6.7797128539823674,15.41273095150495,-2.5499999999999856
PERIOD,P4,EMA_MACD,SHORT_NO_NEUTRAL,0.1,6,83.33333333333334,2.406377962942492,6.553179914482706,15.074950452218715,-2.599999999999969
PERIOD,P4,EMA_MACD,SHORT_NO_NEUTRAL,0.15,6,83.33333333333334,2.3563779629424917,6.335195387794351,14.737994051732395,-2.649999999999997
PERIOD,P4,EMA_MACD,SHORT_NO_NEUTRAL,0.2,6,83.33333333333334,2.306377962942492,6.125284362094455,14.401860141032529,-2.69999999999998
PERIOD,P4,EMA_MACD,SHORT_NO_NEUTRAL,0.25,6,83.33333333333334,2.256377962942492,5.923006464601828,14.06654711346247,-2.749999999999986
PERIOD,P4,EMA_MACD,SHORT_NO_NEUTRAL,0.3,6,83.33333333333334,2.2063779629424913,5.727952777733936,13.732053364720255,-2.7999999999999803
PERIOD,P4,EMA_MACD,SHORT_NO_NEUTRAL,0.4,6,83.33333333333334,2.1063779629424917,5.358023371605178,13.065517298271278,-2.8999999999999915
PERIOD,P4,EMA_MACD,SHORT_NO_NEUTRAL,0.5,6,83.33333333333334,2.006377962942492,5.012755925885004,12.402239154275119,-2.9999999999999694
PERIOD,P4,EMA_MACD,SHORT_NO_NEUTRAL,0.6,6,83.33333333333334,1.906377962942492,4.689763799243551,11.742206182848602,-3.0999999999999917
