exchange,symbol,data_symbol,history_rows,selection_rows,oos_rows,selection_avg_volume,first_date,selection_end,oos_start,last_date
NSE,ETERNAL,ETERNAL.NS,487,243,244,57111995.28395062,2024-09-24,2025-09-15,2025-09-16,2026-09-04
NSE,TATASTEEL,TATASTEEL.NS,487,243,244,33367800.308641974,2024-09-24,2025-09-15,2025-09-16,2026-09-04
NSE,ADANIPOWER,ADANIPOWER.NS,486,243,243,31512037.613168724,2024-09-24,2025-09-15,2025-09-16,2026-09-04
NSE,IDFCFIRSTB,IDFCFIRSTB.NS,487,243,244,30993460.074074075,2024-09-24,2025-09-15,2025-09-16,2026-09-04
NSE,PNB,PNB.NS,487,243,244,27686101.053497944,2024-09-24,2025-09-15,2025-09-16,2026-09-04
NSE,NMDC,NMDC.NS,487,243,244,27288024.267489713,2024-09-24,2025-09-15,2025-09-16,2026-09-04
NSE,CANBK,CANBK.NS,487,243,244,24501134.111111112,2024-09-24,2025-09-15,2025-09-16,2026-09-04
NSE,HDFCBANK,HDFCBANK.NS,487,243,244,24059859.55144033,2024-09-24,2025-09-15,2025-09-16,2026-09-04
NSE,MOTHERSON,MOTHERSON.NS,487,243,244,23204468.547325104,2024-09-24,2025-09-15,2025-09-16,2026-09-04
NSE,BEL,BEL.NS,487,243,244,22052804.827160493,2024-09-24,2025-09-15,2025-09-16,2026-09-04
NSE,VMM,VMM.NS,415,207,208,21149995.72463768,2025-01-08,2025-11-07,2025-11-10,2026-09-04
NSE,KOTAKBANK,KOTAKBANK.NS,487,243,244,19953854.259259257,2024-09-24,2025-09-15,2025-09-16,2026-09-04
NSE,IRFC,IRFC.NS,487,243,244,19447291.637860082,2024-09-24,2025-09-15,2025-09-16,2026-09-04
NSE,JIOFIN,JIOFIN.NS,487,243,244,18423928.271604937,2024-09-24,2025-09-15,2025-09-16,2026-09-04
NSE,NHPC,NHPC.NS,487,243,244,18235483.860082306,2024-09-24,2025-09-15,2025-09-16,2026-09-04
NSE,SAIL,SAIL.NS,487,243,244,17129871.534979425,2024-09-24,2025-09-15,2025-09-16,2026-09-04
NSE,ITC,ITC.NS,487,243,244,15471475.102880659,2024-09-24,2025-09-15,2025-09-16,2026-09-04
NSE,ANGELONE,ANGELONE.NS,487,243,244,15335654.238683127,2024-09-24,2025-09-15,2025-09-16,2026-09-04
NSE,SWIGGY,SWIGGY.NS,438,219,219,14964033.707762556,2024-12-05,2025-10-21,2025-10-23,2026-09-04
NSE,ASHOKLEY,ASHOKLEY.NS,487,243,244,14795058.119341563,2024-09-24,2025-09-15,2025-09-16,2026-09-04
NSE,HFCL,HFCL.NS,487,243,244,14354761.127572017,2024-09-24,2025-09-15,2025-09-16,2026-09-04
NSE,GMRAIRPORT,GMRAIRPORT.NS,487,243,244,14186804.497942386,2024-09-24,2025-09-15,2025-09-16,2026-09-04
NSE,NATIONALUM,NATIONALUM.NS,487,243,244,14056786.456790123,2024-09-24,2025-09-15,2025-09-16,2026-09-04
NSE,IOC,IOC.NS,487,243,244,14018924.510288065,2024-09-24,2025-09-15,2025-09-16,2026-09-04
NSE,ZEEL,ZEEL.NS,487,243,244,13572714.580246914,2024-09-24,2025-09-15,2025-09-16,2026-09-04
NSE,NTPC,NTPC.NS,487,243,244,13283247.279835392,2024-09-24,2025-09-15,2025-09-16,2026-09-04
NSE,MAHABANK,MAHABANK.NS,487,243,244,13077642.794238683,2024-09-24,2025-09-15,2025-09-16,2026-09-04
NSE,TMPV,TMPV.NS,487,243,244,12953264.452674897,2024-09-24,2025-09-15,2025-09-16,2026-09-04
NSE,POWERGRID,POWERGRID.NS,487,243,244,12881066.473251028,2024-09-24,2025-09-15,2025-09-16,2026-09-04
NSE,GAIL,GAIL.NS,487,243,244,12870334.094650205,2024-09-24,2025-09-15,2025-09-16,2026-09-04
NSE,RELIANCE,RELIANCE.NS,487,243,244,12742747.497942386,2024-09-24,2025-09-15,2025-09-16,2026-09-04
NSE,IFCI,IFCI.NS,487,243,244,12577755.263374485,2024-09-24,2025-09-15,2025-09-16,2026-09-04
NSE,JAYNECOIND,JAYNECOIND.NS,487,243,244,12469870.24691358,2024-09-24,2025-09-15,2025-09-16,2026-09-04
NSE,ONGC,ONGC.NS,487,243,244,12227624.604938272,2024-09-24,2025-09-15,2025-09-16,2026-09-04
NSE,UNIONBANK,UNIONBANK.NS,487,243,244,12221940.625514403,2024-09-24,2025-09-15,2025-09-16,2026-09-04
NSE,BHEL,BHEL.NS,487,243,244,12217655.032921812,2024-09-24,2025-09-15,2025-09-16,2026-09-04
NSE,IREDA,IREDA.NS,487,243,244,11986152.041152263,2024-09-24,2025-09-15,2025-09-16,2026-09-04
NSE,UJJIVANSFB,UJJIVANSFB.NS,487,243,244,11945132.115226338,2024-09-24,2025-09-15,2025-09-16,2026-09-04
NSE,WIPRO,WIPRO.NS,487,243,244,11839473.477366256,2024-09-24,2025-09-15,2025-09-16,2026-09-04
NSE,NBCC,NBCC.NS,487,243,244,11485727.761316873,2024-09-24,2025-09-15,2025-09-16,2026-09-04
NSE,SBIN,SBIN.NS,487,243,244,11430768.691358024,2024-09-24,2025-09-15,2025-09-16,2026-09-04
NSE,BAJAJHFL,BAJAJHFL.NS,479,239,240,11170106.912133891,2024-10-07,2025-09-19,2025-09-22,2026-09-04
NSE,RBLBANK,RBLBANK.NS,487,243,244,10772242.851851853,2024-09-24,2025-09-15,2025-09-16,2026-09-04
NSE,BANKBARODA,BANKBARODA.NS,487,243,244,10718406.362139918,2024-09-24,2025-09-15,2025-09-16,2026-09-04
NSE,ICICIBANK,ICICIBANK.NS,487,243,244,10708233.806584362,2024-09-24,2025-09-15,2025-09-16,2026-09-04
NSE,IEX,IEX.NS,487,243,244,10654978.695473252,2024-09-24,2025-09-15,2025-09-16,2026-09-04
NSE,CUPID,CUPID.NS,485,242,243,10521480.371900827,2024-09-24,2025-09-12,2025-09-15,2026-09-04
NSE,BAJFINANCE,BAJFINANCE.NS,487,243,244,10401613.547325103,2024-09-24,2025-09-15,2025-09-16,2026-09-04
NSE,MANAPPURAM,MANAPPURAM.NS,487,243,244,9932796.444444444,2024-09-24,2025-09-15,2025-09-16,2026-09-04
NSE,NTPCGREEN,NTPCGREEN.NS,430,215,215,9905548.674418604,2024-12-17,2025-10-28,2025-10-29,2026-09-04
BSE,ADANIPOWER,ADANIPOWER.BO,484,242,242,3195077.8512396696,2024-09-24,2025-09-12,2025-09-15,2026-09-04
BSE,ETERNAL,ETERNAL.BO,484,242,242,2509362.747933884,2024-09-24,2025-09-15,2025-09-16,2026-09-04
BSE,IDFCFIRSTB,IDFCFIRSTB.BO,484,242,242,2288774.611570248,2024-09-24,2025-09-15,2025-09-16,2026-09-04
BSE,TATASTEEL,500470.BO,438,219,219,1573984.082191781,2024-09-25,2025-08-21,2025-08-22,2026-07-17
BSE,JAYNECOIND,JAYNECOIND.BO,484,242,242,1538838.685950413,2024-09-24,2025-09-15,2025-09-16,2026-09-04
BSE,CANBK,CANBK.BO,484,242,242,1532000.1818181819,2024-09-24,2025-09-15,2025-09-16,2026-09-04
BSE,JIOFIN,JIOFIN.BO,484,242,242,1341829.3429752067,2024-09-24,2025-09-15,2025-09-16,2026-09-04
BSE,UJJIVANSFB,UJJIVANSFB.BO,484,242,242,1310581.3181818181,2024-09-24,2025-09-15,2025-09-16,2026-09-04
BSE,NMDC,NMDC.BO,484,242,242,1280630.3223140496,2024-09-24,2025-09-15,2025-09-16,2026-09-04
BSE,NHPC,NHPC.BO,484,242,242,1276617.020661157,2024-09-24,2025-09-15,2025-09-16,2026-09-04
BSE,VMM,VMM.BO,412,206,206,1244056.2572815535,2025-01-08,2025-11-07,2025-11-10,2026-09-04
BSE,IREDA,IREDA.BO,484,242,242,1221102.2107438017,2024-09-24,2025-09-15,2025-09-16,2026-09-04
BSE,BAJAJHFL,BAJAJHFL.BO,476,238,238,1205521.6302521008,2024-10-07,2025-09-19,2025-09-22,2026-09-04
BSE,MAHABANK,MAHABANK.BO,484,242,242,1117601.6363636365,2024-09-24,2025-09-15,2025-09-16,2026-09-04
BSE,MOTHERSON,MOTHERSON.BO,485,242,243,1110912.5826446281,2024-09-24,2025-09-12,2025-09-15,2026-09-04
BSE,SWIGGY,SWIGGY.BO,435,217,218,1021450.4884792627,2024-12-05,2025-10-20,2025-10-21,2026-09-04
BSE,TMPV,TMPV.BO,484,242,242,945698.4256198347,2024-09-24,2025-09-15,2025-09-16,2026-09-04
BSE,NTPC,NTPC.BO,484,242,242,937718.8553719008,2024-09-24,2025-09-15,2025-09-16,2026-09-04
BSE,ANGELONE,ANGELONE.BO,486,243,243,917251.0288065843,2024-09-24,2025-09-15,2025-09-16,2026-09-04
BSE,NBCC,NBCC.BO,484,242,242,895083.6446280992,2024-09-24,2025-09-15,2025-09-16,2026-09-04
BSE,IOC,IOC.BO,484,242,242,887515.8140495868,2024-09-24,2025-09-15,2025-09-16,2026-09-04
BSE,ZEEL,ZEEL.BO,484,242,242,883456.6776859504,2024-09-24,2025-09-15,2025-09-16,2026-09-04
BSE,CUPID,CUPID.BO,482,241,241,876475.4564315353,2024-09-24,2025-09-11,2025-09-12,2026-09-04
BSE,GMRAIRPORT,GMRAIRPORT.BO,484,242,242,850650.152892562,2024-09-24,2025-09-15,2025-09-16,2026-09-04
BSE,APOLLO,APOLLO.BO,484,242,242,836680.1776859504,2024-09-24,2025-09-15,2025-09-16,2026-09-04
BSE,AWL,AWL.BO,484,242,242,759799.0867768595,2024-09-24,2025-09-15,2025-09-16,2026-09-04
BSE,NTPCGREEN,NTPCGREEN.BO,421,210,211,757716.9190476191,2024-12-26,2025-10-30,2025-10-31,2026-09-04
BSE,RELIANCE,500325.BO,439,219,220,740059.7716894977,2024-09-25,2025-08-20,2025-08-21,2026-07-17
BSE,LLOYDSENGG,LLOYDSENGG.BO,484,242,242,733010.5867768595,2024-09-24,2025-09-15,2025-09-16,2026-09-04
BSE,PAYTM,PAYTM.BO,484,242,242,722786.3925619834,2024-09-24,2025-09-15,2025-09-16,2026-09-04
BSE,RVNL,RVNL.BO,484,242,242,684163.7768595042,2024-09-24,2025-09-15,2025-09-16,2026-09-04
BSE,LLOYDSENT,LLOYDSENT.BO,484,242,242,672899.214876033,2024-09-24,2025-09-15,2025-09-16,2026-09-04
BSE,IEX,540750.BO,438,219,219,652537.7397260274,2024-09-25,2025-08-21,2025-08-22,2026-07-17
BSE,BHEL,BHEL.BO,484,242,242,651461.7479338843,2024-09-24,2025-09-15,2025-09-16,2026-09-04
BSE,SJVN,SJVN.BO,484,242,242,650318.2272727273,2024-09-24,2025-09-15,2025-09-16,2026-09-04
BSE,WIPRO,WIPRO.BO,484,242,242,636113.152892562,2024-09-24,2025-09-15,2025-09-16,2026-09-04
BSE,NATIONALUM,NATIONALUM.BO,484,242,242,609749.8223140496,2024-09-24,2025-09-15,2025-09-16,2026-09-04
BSE,SAMMAANCAP,SAMMAANCAP.BO,484,242,242,604226.1074380166,2024-09-24,2025-09-15,2025-09-16,2026-09-04
BSE,ABFRL,ABFRL.BO,484,242,242,570902.2479338843,2024-09-24,2025-09-15,2025-09-16,2026-09-04
BSE,STLTECH,STLTECH.BO,484,242,242,564723.8305785124,2024-09-24,2025-09-15,2025-09-16,2026-09-04
BSE,MOSCHIP,MOSCHIP.BO,484,242,242,556293.5867768595,2024-09-24,2025-09-15,2025-09-16,2026-09-04
BSE,GAIL,GAIL.BO,484,242,242,552245.2603305785,2024-09-24,2025-09-15,2025-09-16,2026-09-04
BSE,UNIONBANK,UNIONBANK.BO,484,242,242,541460.826446281,2024-09-24,2025-09-15,2025-09-16,2026-09-04
BSE,SBIN,500112.BO,438,219,219,540946.497716895,2024-09-25,2025-08-21,2025-08-22,2026-07-17
BSE,VEDL,VEDL.BO,484,242,242,536209.5578512397,2024-09-24,2025-09-15,2025-09-16,2026-09-04
BSE,BANKBARODA,532134.BO,438,219,219,534179.3835616439,2024-09-25,2025-08-21,2025-08-22,2026-07-17
BSE,NYKAA,NYKAA.BO,484,242,242,519526.6074380165,2024-09-24,2025-09-15,2025-09-16,2026-09-04
BSE,PARADEEP,PARADEEP.BO,484,242,242,509896.7479338843,2024-09-24,2025-09-15,2025-09-16,2026-09-04
BSE,KALYANKJIL,KALYANKJIL.BO,484,242,242,503243.03719008266,2024-09-24,2025-09-15,2025-09-16,2026-09-04
BSE,RBLBANK,RBLBANK.BO,484,242,242,498275.5702479339,2024-09-24,2025-09-15,2025-09-16,2026-09-04
