exchange,symbol,name,data_symbol,full_history_rows,full_history_start,full_history_end,selection_history_rows,selection_history_start,selection_history_end,selection_avg_volume,selection_rank,selection_method,selection_top_n,oos_start_date
NSE,TATASTEEL,Tata Steel Limited,TATASTEEL.NS,1407,2021-01-01,2026-09-04,703,2021-01-01,2023-11-02,92498133.76386914,1,FIRST_HALF_AVG_VOLUME,50,2023-11-02
NSE,PNB,Punjab National Bank,PNB.NS,1407,2021-01-01,2026-09-04,703,2021-01-01,2023-11-02,78343423.78947368,2,FIRST_HALF_AVG_VOLUME,50,2023-11-02
NSE,ADANIPOWER,Adani Power Limited,ADANIPOWER.NS,1407,2021-01-01,2026-09-04,703,2021-01-01,2023-11-02,74315568.9544808,3,FIRST_HALF_AVG_VOLUME,50,2023-11-02
NSE,CANBK,Canara Bank,CANBK.NS,1407,2021-01-01,2026-09-04,703,2021-01-01,2023-11-02,68186264.1536273,4,FIRST_HALF_AVG_VOLUME,50,2023-11-02
NSE,ETERNAL,ETERNAL LIMITED,ETERNAL.NS,1270,2021-07-23,2026-09-04,635,2021-07-23,2024-02-14,68177598.77129337,5,FIRST_HALF_AVG_VOLUME,50,2024-02-14
NSE,NMDC,NMDC Limited,NMDC.NS,1407,2021-01-01,2026-09-04,703,2021-01-01,2023-11-02,43662171.31863442,6,FIRST_HALF_AVG_VOLUME,50,2023-11-02
NSE,BHEL,Bharat Heavy Electricals Limited,BHEL.NS,1407,2021-01-01,2026-09-04,703,2021-01-01,2023-11-02,40244233.431009956,7,FIRST_HALF_AVG_VOLUME,50,2023-11-02
NSE,IDFCFIRSTB,IDFC First Bank Limited,IDFCFIRSTB.NS,1407,2021-01-01,2026-09-04,703,2021-01-01,2023-11-02,36738621.45142857,8,FIRST_HALF_AVG_VOLUME,50,2023-11-02
NSE,SAIL,Steel Authority of India Limited,SAIL.NS,1407,2021-01-01,2026-09-04,703,2021-01-01,2023-11-02,36655597.35277382,9,FIRST_HALF_AVG_VOLUME,50,2023-11-02
NSE,IRFC,Indian Railway Finance Corporation Limited,IRFC.NS,1388,2021-01-29,2026-09-04,694,2021-01-29,2023-11-17,36023672.30259366,10,FIRST_HALF_AVG_VOLUME,50,2023-11-17
NSE,BANKBARODA,Bank of Baroda,BANKBARODA.NS,1407,2021-01-01,2026-09-04,703,2021-01-01,2023-11-02,35629637.56187767,11,FIRST_HALF_AVG_VOLUME,50,2023-11-02
NSE,IREDA,Indian Renewable Energy Development Agency Limited,IREDA.NS,688,2023-11-29,2026-09-04,344,2023-11-29,2025-04-23,34703482.938596494,12,FIRST_HALF_AVG_VOLUME,50,2025-04-23
NSE,ASHOKLEY,Ashok Leyland Limited,ASHOKLEY.NS,1407,2021-01-01,2026-09-04,703,2021-01-01,2023-11-02,31842714.17638691,13,FIRST_HALF_AVG_VOLUME,50,2023-11-02
NSE,MOTHERSON,Samvardhana Motherson International Limited,MOTHERSON.NS,1407,2021-01-01,2026-09-04,703,2021-01-01,2023-11-02,29910321.295874823,14,FIRST_HALF_AVG_VOLUME,50,2023-11-02
NSE,TMPV,Tata Motors Passenger Vehicles Limited,TMPV.NS,1407,2021-01-01,2026-09-04,703,2021-01-01,2023-11-02,29809552.752489332,15,FIRST_HALF_AVG_VOLUME,50,2023-11-02
NSE,TATAPOWER,Tata Power Company Limited,TATAPOWER.NS,1407,2021-01-01,2026-09-04,703,2021-01-01,2023-11-02,29571777.91891892,16,FIRST_HALF_AVG_VOLUME,50,2023-11-02
NSE,VMM,Vishal Mega Mart Limited,VMM.NS,429,2024-12-18,2026-09-04,214,2024-12-18,2025-10-28,27775623.389671363,17,FIRST_HALF_AVG_VOLUME,50,2025-10-28
NSE,JIOFIN,Jio Financial Services Limited,JIOFIN.NS,755,2023-08-21,2026-09-04,377,2023-08-21,2025-02-27,25898934.82180851,18,FIRST_HALF_AVG_VOLUME,50,2025-02-27
NSE,BEL,Bharat Electronics Limited,BEL.NS,1407,2021-01-01,2026-09-04,703,2021-01-01,2023-11-02,24860234.455192033,19,FIRST_HALF_AVG_VOLUME,50,2023-11-02
NSE,SBIN,State Bank of India,SBIN.NS,1407,2021-01-01,2026-09-04,703,2021-01-01,2023-11-02,22637081.611664295,20,FIRST_HALF_AVG_VOLUME,50,2023-11-02
NSE,NATIONALUM,National Aluminium Company Limited,NATIONALUM.NS,1407,2021-01-01,2026-09-04,703,2021-01-01,2023-11-02,21672856.056899004,21,FIRST_HALF_AVG_VOLUME,50,2023-11-02
NSE,HDFCBANK,HDFC Bank Limited,HDFCBANK.NS,1407,2021-01-01,2026-09-04,703,2021-01-01,2023-11-02,20290748.998577524,22,FIRST_HALF_AVG_VOLUME,50,2023-11-02
NSE,ITC,ITC Limited,ITC.NS,1407,2021-01-01,2026-09-04,703,2021-01-01,2023-11-02,20094260.624466572,23,FIRST_HALF_AVG_VOLUME,50,2023-11-02
NSE,ONGC,Oil & Natural Gas Corporation Limited,ONGC.NS,1407,2021-01-01,2026-09-04,703,2021-01-01,2023-11-02,19934773.045519203,24,FIRST_HALF_AVG_VOLUME,50,2023-11-02
NSE,IOC,Indian Oil Corporation Limited,IOC.NS,1407,2021-01-01,2026-09-04,703,2021-01-01,2023-11-02,19229838.34566145,25,FIRST_HALF_AVG_VOLUME,50,2023-11-02
NSE,GAIL,GAIL (India) Limited,GAIL.NS,1407,2021-01-01,2026-09-04,703,2021-01-01,2023-11-02,18761049.816500712,26,FIRST_HALF_AVG_VOLUME,50,2023-11-02
NSE,MAHABANK,Bank of Maharashtra,MAHABANK.NS,1407,2021-01-01,2026-09-04,703,2021-01-01,2023-11-02,18080137.489331435,27,FIRST_HALF_AVG_VOLUME,50,2023-11-02
NSE,SAMMAANCAP,Sammaan Capital Limited,SAMMAANCAP.NS,1407,2021-01-01,2026-09-04,703,2021-01-01,2023-11-02,17919003.516358465,28,FIRST_HALF_AVG_VOLUME,50,2023-11-02
NSE,KOTAKBANK,Kotak Mahindra Bank Limited,KOTAKBANK.NS,1407,2021-01-01,2026-09-04,703,2021-01-01,2023-11-02,17878461.83499289,29,FIRST_HALF_AVG_VOLUME,50,2023-11-02
NSE,BAJAJHFL,Bajaj Housing Finance Limited,BAJAJHFL.NS,493,2024-09-16,2026-09-04,246,2024-09-16,2025-09-10,17541751.375510205,30,FIRST_HALF_AVG_VOLUME,50,2025-09-10
NSE,GMRAIRPORT,GMR AIRPORTS LIMITED,GMRAIRPORT.NS,1407,2021-01-01,2026-09-04,703,2021-01-01,2023-11-02,17159013.212553494,31,FIRST_HALF_AVG_VOLUME,50,2023-11-02
NSE,NBCC,NBCC (India) Limited,NBCC.NS,1407,2021-01-01,2026-09-04,703,2021-01-01,2023-11-02,17126379.6628734,32,FIRST_HALF_AVG_VOLUME,50,2023-11-02
NSE,UNIONBANK,Union Bank of India,UNIONBANK.NS,1407,2021-01-01,2026-09-04,703,2021-01-01,2023-11-02,16490908.51778094,33,FIRST_HALF_AVG_VOLUME,50,2023-11-02
NSE,POWERGRID,Power Grid Corporation of India Limited,POWERGRID.NS,1407,2021-01-01,2026-09-04,703,2021-01-01,2023-11-02,16449837.118065434,34,FIRST_HALF_AVG_VOLUME,50,2023-11-02
NSE,NTPC,NTPC Limited,NTPC.NS,1407,2021-01-01,2026-09-04,703,2021-01-01,2023-11-02,15894011.085348506,35,FIRST_HALF_AVG_VOLUME,50,2023-11-02
NSE,SWIGGY,Swiggy Limited,SWIGGY.NS,452,2024-11-13,2026-09-04,226,2024-11-13,2025-10-10,15864873.506666666,36,FIRST_HALF_AVG_VOLUME,50,2025-10-10
NSE,ICICIBANK,ICICI Bank Limited,ICICIBANK.NS,1407,2021-01-01,2026-09-04,703,2021-01-01,2023-11-02,15703228.839260314,37,FIRST_HALF_AVG_VOLUME,50,2023-11-02
NSE,WIPRO,Wipro Limited,WIPRO.NS,1407,2021-01-01,2026-09-04,703,2021-01-01,2023-11-02,15510549.536273114,38,FIRST_HALF_AVG_VOLUME,50,2023-11-02
NSE,RVNL,Rail Vikas Nigam Limited,RVNL.NS,1407,2021-01-01,2026-09-04,703,2021-01-01,2023-11-02,15365600.836415363,39,FIRST_HALF_AVG_VOLUME,50,2023-11-02
NSE,RELIANCE,Reliance Industries Limited,RELIANCE.NS,1407,2021-01-01,2026-09-04,703,2021-01-01,2023-11-02,15298930.920341395,40,FIRST_HALF_AVG_VOLUME,50,2023-11-02
NSE,RBLBANK,RBL Bank Limited,RBLBANK.NS,1407,2021-01-01,2026-09-04,703,2021-01-01,2023-11-02,15079637.174964437,41,FIRST_HALF_AVG_VOLUME,50,2023-11-02
NSE,IDBI,IDBI Bank Limited,IDBI.NS,1407,2021-01-01,2026-09-04,703,2021-01-01,2023-11-02,14296544.500711238,42,FIRST_HALF_AVG_VOLUME,50,2023-11-02
NSE,ZEEL,Zee Entertainment Enterprises Limited,ZEEL.NS,1407,2021-01-01,2026-09-04,703,2021-01-01,2023-11-02,14205374.52631579,43,FIRST_HALF_AVG_VOLUME,50,2023-11-02
NSE,VEDL,Vedanta Limited,VEDL.NS,1407,2021-01-01,2026-09-04,703,2021-01-01,2023-11-02,14015431.209103841,44,FIRST_HALF_AVG_VOLUME,50,2023-11-02
NSE,NTPCGREEN,NTPC Green Energy Limited,NTPCGREEN.NS,444,2024-11-27,2026-09-04,222,2024-11-27,2025-10-16,13982379.71040724,45,FIRST_HALF_AVG_VOLUME,50,2025-10-16
NSE,COALINDIA,Coal India Limited,COALINDIA.NS,1407,2021-01-01,2026-09-04,703,2021-01-01,2023-11-02,12567784.19203414,46,FIRST_HALF_AVG_VOLUME,50,2023-11-02
NSE,NHPC,NHPC Limited,NHPC.NS,1407,2021-01-01,2026-09-04,703,2021-01-01,2023-11-02,12215248.214793742,47,FIRST_HALF_AVG_VOLUME,50,2023-11-02
NSE,HFCL,HFCL Limited,HFCL.NS,1407,2021-01-01,2026-09-04,703,2021-01-01,2023-11-02,12029364.391180655,48,FIRST_HALF_AVG_VOLUME,50,2023-11-02
NSE,CUPID,Cupid Limited,CUPID.NS,1407,2021-01-01,2026-09-04,703,2021-01-01,2023-11-02,11530507.965860598,49,FIRST_HALF_AVG_VOLUME,50,2023-11-02
NSE,EMBDL,Embassy Developments Limited,EMBDL.NS,1407,2021-01-01,2026-09-04,703,2021-01-01,2023-11-02,11474288.432432432,50,FIRST_HALF_AVG_VOLUME,50,2023-11-02
BSE,ADANIPOWER,Adani Power,ADANIPOWER.BO,1405,2021-01-01,2026-09-04,702,2021-01-01,2023-11-01,11941795.96866097,1,FIRST_HALF_AVG_VOLUME,50,2023-11-01
BSE,ETERNAL,Eternal,ETERNAL.BO,1266,2021-07-23,2026-09-04,633,2021-07-23,2024-02-12,6464304.346518988,2,FIRST_HALF_AVG_VOLUME,50,2024-02-12
BSE,TATASTEEL,Tata Steel,500470.BO,1365,2021-01-04,2026-07-17,682,2021-01-04,2023-09-19,5272932.72,3,FIRST_HALF_AVG_VOLUME,50,2023-09-19
BSE,IREDA,IREDA,IREDA.BO,684,2023-11-29,2026-09-04,342,2023-11-29,2025-04-23,4348619.645161291,4,FIRST_HALF_AVG_VOLUME,50,2025-04-23
BSE,CANBK,Canara Bank,CANBK.BO,1404,2021-01-01,2026-09-04,702,2021-01-01,2023-11-01,3596875.8048433047,5,FIRST_HALF_AVG_VOLUME,50,2023-11-01
BSE,IDFCFIRSTB,IDFC First Bank,IDFCFIRSTB.BO,1403,2021-01-01,2026-09-04,701,2021-01-01,2023-10-31,3460575.985734665,6,FIRST_HALF_AVG_VOLUME,50,2023-10-31
BSE,BHEL,Bharat Heavy Electricals,BHEL.BO,1403,2021-01-01,2026-09-04,701,2021-01-01,2023-10-31,3401260.1726105562,7,FIRST_HALF_AVG_VOLUME,50,2023-10-31
BSE,NMDC,NMDC,NMDC.BO,1404,2021-01-01,2026-09-04,702,2021-01-01,2023-11-01,2847479.7293447293,8,FIRST_HALF_AVG_VOLUME,50,2023-11-01
BSE,MOTHERSON,Samvardhana Motherson International,MOTHERSON.BO,1405,2021-01-01,2026-09-04,702,2021-01-01,2023-11-01,2535186.603988604,9,FIRST_HALF_AVG_VOLUME,50,2023-11-01
BSE,JIOFIN,Jio Financial Services,JIOFIN.BO,751,2023-08-21,2026-09-04,375,2023-08-21,2025-02-27,2484180.6524064173,10,FIRST_HALF_AVG_VOLUME,50,2025-02-27
BSE,LLOYDSENGG,Lloyds Engineering Works,LLOYDSENGG.BO,1403,2021-01-01,2026-09-04,701,2021-01-01,2023-10-31,2340803.3395149787,11,FIRST_HALF_AVG_VOLUME,50,2023-10-31
BSE,BANKBARODA,Bank of Baroda,532134.BO,1365,2021-01-04,2026-07-17,682,2021-01-04,2023-09-19,2211343.252307692,12,FIRST_HALF_AVG_VOLUME,50,2023-09-19
BSE,GMRAIRPORT,GMR Airports,GMRAIRPORT.BO,1403,2021-01-01,2026-09-04,701,2021-01-01,2023-10-31,2130281.0099857347,13,FIRST_HALF_AVG_VOLUME,50,2023-10-31
BSE,VMM,Vishal Mega Mart,VMM.BO,426,2024-12-18,2026-09-04,213,2024-12-18,2025-10-28,1881225.075471698,14,FIRST_HALF_AVG_VOLUME,50,2025-10-28
BSE,TMPV,Tata Motors Passenger Vehicles,TMPV.BO,1403,2021-01-01,2026-09-04,701,2021-01-01,2023-10-31,1834843.631954351,15,FIRST_HALF_AVG_VOLUME,50,2023-10-31
BSE,BAJAJHFL,Bajaj Housing Finance,BAJAJHFL.BO,490,2024-09-16,2026-09-04,245,2024-09-16,2025-09-10,1792413.5183673468,16,FIRST_HALF_AVG_VOLUME,50,2025-09-10
BSE,MAHABANK,Bank of Maharashtra,MAHABANK.BO,1403,2021-01-01,2026-09-04,701,2021-01-01,2023-10-31,1768970.0242510699,17,FIRST_HALF_AVG_VOLUME,50,2023-10-31
BSE,NBCC,NBCC,NBCC.BO,1404,2021-01-01,2026-09-04,702,2021-01-01,2023-11-01,1634727.9501424502,18,FIRST_HALF_AVG_VOLUME,50,2023-11-01
BSE,RVNL,Rail Vikas Nigam,RVNL.BO,1403,2021-01-01,2026-09-04,701,2021-01-01,2023-10-31,1565328.8345221113,19,FIRST_HALF_AVG_VOLUME,50,2023-10-31
BSE,NATIONALUM,NALCO,NATIONALUM.BO,1403,2021-01-01,2026-09-04,701,2021-01-01,2023-10-31,1532243.7489301,20,FIRST_HALF_AVG_VOLUME,50,2023-10-31
BSE,LLOYDSENT,Lloyds Enterprises,LLOYDSENT.BO,1403,2021-01-01,2026-09-04,701,2021-01-01,2023-10-31,1531993.9057142858,21,FIRST_HALF_AVG_VOLUME,50,2023-10-31
BSE,IOC,Indian Oil Corporation,IOC.BO,1403,2021-01-01,2026-09-04,701,2021-01-01,2023-10-31,1502760.005706134,22,FIRST_HALF_AVG_VOLUME,50,2023-10-31
BSE,UNIONBANK,Union Bank of India,UNIONBANK.BO,1403,2021-01-01,2026-09-04,701,2021-01-01,2023-10-31,1465139.9500713267,23,FIRST_HALF_AVG_VOLUME,50,2023-10-31
BSE,SAMMAANCAP,Sammaan Capital,SAMMAANCAP.BO,1403,2021-01-01,2026-09-04,701,2021-01-01,2023-10-31,1314880.1626248218,24,FIRST_HALF_AVG_VOLUME,50,2023-10-31
BSE,CUPID,Cupid,CUPID.BO,1406,2021-01-01,2026-09-04,703,2021-01-01,2023-11-02,1279692.745376956,25,FIRST_HALF_AVG_VOLUME,50,2023-11-02
BSE,GAIL,GAIL,GAIL.BO,1403,2021-01-01,2026-09-04,701,2021-01-01,2023-10-31,1255111.3152639086,26,FIRST_HALF_AVG_VOLUME,50,2023-10-31
BSE,NHPC,NHPC,NHPC.BO,1403,2021-01-01,2026-09-04,701,2021-01-01,2023-10-31,1228148.1326676176,27,FIRST_HALF_AVG_VOLUME,50,2023-10-31
BSE,SBIN,State Bank of India,500112.BO,1365,2021-01-04,2026-07-17,682,2021-01-04,2023-09-19,1179494.6030769232,28,FIRST_HALF_AVG_VOLUME,50,2023-09-19
BSE,SWIGGY,Swiggy,SWIGGY.BO,449,2024-11-13,2026-09-04,224,2024-11-13,2025-10-09,1069091.4598214286,29,FIRST_HALF_AVG_VOLUME,50,2025-10-09
BSE,LTF,L&T Finance,LTF.BO,1403,2021-01-01,2026-09-04,701,2021-01-01,2023-10-31,1050132.0499286733,30,FIRST_HALF_AVG_VOLUME,50,2023-10-31
BSE,HSCL,Himadri Speciality Chemical,HSCL.BO,1403,2021-01-01,2026-09-04,701,2021-01-01,2023-10-31,1049104.2310984307,31,FIRST_HALF_AVG_VOLUME,50,2023-10-31
BSE,EMBDL,Embassy Developments,EMBDL.BO,1404,2021-01-01,2026-09-04,702,2021-01-01,2023-11-01,1033462.5712250712,32,FIRST_HALF_AVG_VOLUME,50,2023-11-01
BSE,RBLBANK,RBL Bank,RBLBANK.BO,1403,2021-01-01,2026-09-04,701,2021-01-01,2023-10-31,1020445.1897289586,33,FIRST_HALF_AVG_VOLUME,50,2023-10-31
BSE,VEDL,Vedanta,VEDL.BO,1403,2021-01-01,2026-09-04,701,2021-01-01,2023-10-31,1019489.6847360913,34,FIRST_HALF_AVG_VOLUME,50,2023-10-31
BSE,FEDERALBNK,Federal Bank,500469.BO,1365,2021-01-04,2026-07-17,682,2021-01-04,2023-09-19,1008145.72,35,FIRST_HALF_AVG_VOLUME,50,2023-09-19
BSE,ZEEL,Zee Entertainment,ZEEL.BO,1403,2021-01-01,2026-09-04,701,2021-01-01,2023-10-31,1005888.3209700428,36,FIRST_HALF_AVG_VOLUME,50,2023-10-31
BSE,WIPRO,Wipro,WIPRO.BO,1404,2021-01-01,2026-09-04,702,2021-01-01,2023-11-01,1005586.4928774929,37,FIRST_HALF_AVG_VOLUME,50,2023-11-01
BSE,IEX,Indian Energy Exchange,540750.BO,1365,2021-01-04,2026-07-17,682,2021-01-04,2023-09-19,962824.463076923,38,FIRST_HALF_AVG_VOLUME,50,2023-09-19
BSE,BANKINDIA,Bank of India,BANKINDIA.BO,1403,2021-01-01,2026-09-04,701,2021-01-01,2023-10-31,945902.4664764622,39,FIRST_HALF_AVG_VOLUME,50,2023-10-31
BSE,INOXWIND,Inox Wind,INOXWIND.BO,1404,2021-01-01,2026-09-04,702,2021-01-01,2023-11-01,943387.9658119658,40,FIRST_HALF_AVG_VOLUME,50,2023-11-01
BSE,UJJIVANSFB,Ujjivan Small Finance Bank,UJJIVANSFB.BO,1403,2021-01-01,2026-09-04,701,2021-01-01,2023-10-31,919193.7375178316,41,FIRST_HALF_AVG_VOLUME,50,2023-10-31
BSE,NTPC,NTPC,NTPC.BO,1403,2021-01-01,2026-09-04,701,2021-01-01,2023-10-31,895345.997146933,42,FIRST_HALF_AVG_VOLUME,50,2023-10-31
BSE,NYKAA,Nykaa,NYKAA.BO,1192,2021-11-10,2026-09-04,596,2021-11-10,2024-04-09,889926.043697479,43,FIRST_HALF_AVG_VOLUME,50,2024-04-09
BSE,RELIANCE,Reliance Industries,500325.BO,1376,2021-01-04,2026-07-17,688,2021-01-04,2023-09-27,880378.5960365854,44,FIRST_HALF_AVG_VOLUME,50,2023-09-27
BSE,INA,Insolation Energy,INA.BO,966,2022-10-10,2026-09-04,483,2022-10-10,2024-09-24,870223.382045929,45,FIRST_HALF_AVG_VOLUME,50,2024-09-24
BSE,NTPCGREEN,NTPC Green Energy,NTPCGREEN.BO,435,2024-12-05,2026-09-04,217,2024-12-05,2025-10-20,869294.1105990784,46,FIRST_HALF_AVG_VOLUME,50,2025-10-20
BSE,SJVN,SJVN,SJVN.BO,1403,2021-01-01,2026-09-04,701,2021-01-01,2023-10-31,828187.607703281,47,FIRST_HALF_AVG_VOLUME,50,2023-10-31
BSE,POWERGRID,Power Grid Corporation of India,POWERGRID.BO,1403,2021-01-01,2026-09-04,701,2021-01-01,2023-10-31,826413.6262482168,48,FIRST_HALF_AVG_VOLUME,50,2023-10-31
BSE,J&KBANK,Jammu & Kashmir Bank,532209.BO,1365,2021-01-04,2026-07-17,682,2021-01-04,2023-09-19,772157.4492307692,49,FIRST_HALF_AVG_VOLUME,50,2023-09-19
BSE,MANAPPURAM,Manappuram Finance,MANAPPURAM.BO,1403,2021-01-01,2026-09-04,701,2021-01-01,2023-10-31,732053.3637660485,50,FIRST_HALF_AVG_VOLUME,50,2023-10-31
