date,close,ema_20,ema_50,ema_200,bull_regime,bear_regime,neutral_regime,regime
2024-09-04,25198.69921875,,,,False,False,True,NEUTRAL
2024-09-05,25145.099609375,,,,False,False,True,NEUTRAL
2024-09-06,24852.150390625,,,,False,False,True,NEUTRAL
2024-09-09,24936.400390625,,,,False,False,True,NEUTRAL
2024-09-10,25041.099609375,,,,False,False,True,NEUTRAL
2024-09-11,24918.44921875,,,,False,False,True,NEUTRAL
2024-09-12,25388.900390625,,,,False,False,True,NEUTRAL
2024-09-13,25356.5,,,,False,False,True,NEUTRAL
2024-09-16,25383.75,,,,False,False,True,NEUTRAL
2024-09-17,25418.55078125,,,,False,False,True,NEUTRAL
2024-09-18,25377.55078125,,,,False,False,True,NEUTRAL
2024-09-19,25415.80078125,,,,False,False,True,NEUTRAL
2024-09-20,25790.94921875,,,,False,False,True,NEUTRAL
2024-09-23,25939.05078125,,,,False,False,True,NEUTRAL
2024-09-24,25940.400390625,,,,False,False,True,NEUTRAL
2024-09-25,26004.150390625,,,,False,False,True,NEUTRAL
2024-09-26,26216.05078125,,,,False,False,True,NEUTRAL
2024-09-27,26178.94921875,,,,False,False,True,NEUTRAL
2024-09-30,25810.849609375,,,,False,False,True,NEUTRAL
2024-10-01,25796.900390625,25634.8961774948,,,False,False,True,NEUTRAL
2024-10-03,25250.099609375,25598.248885292916,,,False,False,True,NEUTRAL
2024-10-04,25014.599609375,25542.6632399674,,,False,False,True,NEUTRAL
2024-10-07,24795.75,25471.528645684793,,,False,False,True,NEUTRAL
2024-10-08,25013.150390625,25427.873573774337,,,False,False,True,NEUTRAL
2024-10-09,24981.94921875,25385.404587581543,,,False,False,True,NEUTRAL
2024-10-10,24998.44921875,25348.55169531187,,,False,False,True,NEUTRAL
2024-10-11,24964.25,25311.951533853597,,,False,False,True,NEUTRAL
2024-10-14,25127.94921875,25294.42750384373,,,False,False,True,NEUTRAL
2024-10-15,25057.349609375,25271.84865675147,,,False,False,True,NEUTRAL
2024-10-16,24971.30078125,25243.225049560853,,,False,False,True,NEUTRAL
2024-10-17,24749.849609375,25196.236912400298,,,False,False,True,NEUTRAL
2024-10-18,24854.05078125,25163.647757052648,,,False,False,True,NEUTRAL
2024-10-21,24781.099609375,25127.214600130967,,,False,False,True,NEUTRAL
2024-10-22,24472.099609375,25064.822696249445,,,False,False,True,NEUTRAL
2024-10-23,24435.5,25004.887201368547,,,False,False,True,NEUTRAL
2024-10-24,24399.400390625,24947.221790821543,,,False,False,True,NEUTRAL
2024-10-25,24180.80078125,24874.22931371949,,,False,False,True,NEUTRAL
2024-10-28,24339.150390625,24823.26941628192,,,False,False,True,NEUTRAL
2024-10-29,24466.849609375,24789.324672766976,,,False,False,True,NEUTRAL
2024-10-30,24340.849609375,24746.61276196774,,,False,False,True,NEUTRAL
2024-10-31,24205.349609375,24695.063890292244,,,False,False,True,NEUTRAL
2024-11-01,24304.349609375,24657.853006395362,,,False,False,True,NEUTRAL
2024-11-04,23995.349609375,24594.757444774375,,,False,False,True,NEUTRAL
2024-11-05,24213.30078125,24558.428238724435,,,False,False,True,NEUTRAL
2024-11-06,24484.05078125,24551.34467134592,,,False,False,True,NEUTRAL
2024-11-07,24199.349609375,24517.821332110594,,,False,False,True,NEUTRAL
2024-11-08,24148.19921875,24482.61922607625,,,False,False,True,NEUTRAL
2024-11-11,24141.30078125,24450.11270752137,,,False,False,True,NEUTRAL
2024-11-12,23883.44921875,24396.14475620981,,,False,False,True,NEUTRAL
2024-11-13,23559.05078125,24316.421520499352,24714.74053463646,,False,False,True,NEUTRAL
2024-11-14,23532.69921875,24241.78130128513,24668.38597322915,,False,False,True,NEUTRAL
2024-11-18,23453.80078125,24166.73553747226,24620.75518138683,,False,False,True,NEUTRAL
2024-11-19,23518.5,24104.99881961776,24577.529487999112,,False,False,True,NEUTRAL
2024-11-21,23349.900390625,24033.08468352321,24529.38717045503,,False,False,True,NEUTRAL
2024-11-22,23907.25,24021.100427949576,24504.989634358753,,False,False,True,NEUTRAL
2024-11-25,24221.900390625,24040.224233918663,24493.8880953888,,False,False,True,NEUTRAL
2024-11-26,24194.5,24054.91716402165,24482.147385765707,,False,False,True,NEUTRAL
2024-11-27,24274.900390625,24075.867947507682,24474.02005262294,,False,False,True,NEUTRAL
2024-11-28,23914.150390625,24060.46627542362,24452.064379603413,,False,False,True,NEUTRAL
2024-11-29,24131.099609375,24067.193259609467,24439.477525868966,,False,False,True,NEUTRAL
2024-12-02,24276.05078125,24087.08445214666,24433.068633923125,,False,False,True,NEUTRAL
2024-12-03,24457.150390625,24122.32882723984,24434.013016538887,,False,False,True,NEUTRAL
2024-12-04,24467.44921875,24155.197435955095,24435.32424015501,,False,False,True,NEUTRAL
2024-12-05,24708.400390625,24207.883431637943,24446.03310880089,,False,False,True,NEUTRAL
2024-12-06,24677.80078125,24252.63746493433,24455.122037132227,,False,False,True,NEUTRAL
2024-12-09,24619.0,24287.529134940585,24461.548623911356,,False,False,True,NEUTRAL
2024-12-10,24610.05078125,24318.24548220815,24467.372237924636,,False,False,True,NEUTRAL
2024-12-11,24641.80078125,24349.060272593088,24474.212572957003,,False,False,True,NEUTRAL
2024-12-12,24548.69921875,24368.073505560413,24477.133617890064,,False,False,True,NEUTRAL
2024-12-13,24768.30078125,24406.19038895942,24488.551938021825,,False,False,True,NEUTRAL
2024-12-16,24668.25,24431.148447153762,24495.5989208445,,False,False,True,NEUTRAL
2024-12-17,24336.0,24422.086690281976,24489.340139634915,,False,False,True,NEUTRAL
2024-12-18,24198.849609375,24400.826015909883,24477.948354134525,,False,False,True,NEUTRAL
2024-12-19,23951.69921875,24358.05203522799,24457.311133139057,,False,False,True,NEUTRAL
2024-12-20,23587.5,24284.66612711104,24423.2008926238,,False,False,True,NEUTRAL
2024-12-23,23753.44921875,24234.074040600466,24396.936121099337,,False,False,True,NEUTRAL
2024-12-24,23727.650390625,24185.84321679328,24370.68962186505,,False,False,True,NEUTRAL
2024-12-26,23750.19921875,24144.353312217732,24346.35666488015,,False,False,True,NEUTRAL
2024-12-27,23813.400390625,24112.833986351758,24325.456418830927,,False,False,True,NEUTRAL
2024-12-30,23644.900390625,24068.268881996828,24298.767947136577,,False,False,True,NEUTRAL
2024-12-31,23644.80078125,24027.938586687607,24273.12217592534,,False,False,True,NEUTRAL
2025-01-01,23742.900390625,24000.7920918245,24252.32916473709,,False,False,True,NEUTRAL
2025-01-02,24188.650390625,24018.683358376926,24249.831957909166,,False,False,True,NEUTRAL
2025-01-03,24004.75,24017.35637186484,24240.220900736258,,False,False,True,NEUTRAL
2025-01-06,23616.05078125,23979.136791806286,24215.74364114856,,False,False,True,NEUTRAL
2025-01-07,23707.900390625,23953.304753598542,24195.8282195594,,False,False,True,NEUTRAL
2025-01-08,23688.94921875,23928.12803599392,24175.950611684522,,False,False,True,NEUTRAL
2025-01-09,23526.5,23889.877746851642,24150.481960245914,,False,False,True,NEUTRAL
2025-01-10,23431.5,23846.22272334196,24122.286589255877,,False,False,True,NEUTRAL
2025-01-13,23085.94921875,23773.81572290463,24081.64590805957,,False,False,True,NEUTRAL
2025-01-14,23176.05078125,23716.885728461333,24046.132373674882,,False,False,True,NEUTRAL
2025-01-15,23213.19921875,23668.915584679304,24013.46832838371,,False,False,True,NEUTRAL
2025-01-16,23311.80078125,23634.90465101937,23985.951953986314,,False,False,True,NEUTRAL
2025-01-17,23203.19921875,23593.789847946096,23955.25576829077,,False,False,True,NEUTRAL
2025-01-20,23344.75,23570.071767189325,23931.314365612703,,False,False,True,NEUTRAL
2025-01-21,23024.650390625,23518.1268741832,23895.758915613187,,False,False,True,NEUTRAL
2025-01-22,23155.349609375,23483.57665848718,23866.72325654502,,False,False,True,NEUTRAL
2025-01-23,23205.349609375,23457.07884428602,23840.787035087375,,False,False,True,NEUTRAL
2025-01-24,23092.19921875,23422.328403758784,23811.430650132967,,False,False,True,NEUTRAL
2025-01-27,22829.150390625,23365.8352596508,23772.909855642458,,False,False,True,NEUTRAL
2025-01-28,22957.25,23326.922377779298,23740.92319463687,,False,False,True,NEUTRAL
2025-01-29,23163.099609375,23311.32020935984,23718.26344619523,,False,False,True,NEUTRAL
2025-01-30,23249.5,23305.43257037319,23699.88056595228,,False,False,True,NEUTRAL
2025-01-31,23508.400390625,23324.7628389686,23692.37153946886,,False,False,True,NEUTRAL
2025-02-01,23482.150390625,23339.75212960254,23684.127572847534,,False,False,True,NEUTRAL
2025-02-03,23361.05078125,23341.780572616586,23671.45789474567,,False,False,True,NEUTRAL
2025-02-04,23739.25,23379.63480379596,23674.11640867721,,False,False,True,NEUTRAL
2025-02-05,23696.30078125,23409.79346831539,23674.986384072225,,False,False,True,NEUTRAL
2025-02-06,23603.349609375,23428.227386511542,23672.177098789984,,False,False,True,NEUTRAL
2025-02-07,23559.94921875,23440.772322915203,23667.77600545508,,False,False,True,NEUTRAL
2025-02-10,23381.599609375,23435.136826387567,23656.553401687237,,False,False,True,NEUTRAL
2025-02-11,23071.80078125,23400.533393517326,23633.621926375974,,False,False,True,NEUTRAL
2025-02-12,23045.25,23366.69687984901,23610.548517498486,,False,False,True,NEUTRAL
2025-02-13,23031.400390625,23334.763880875296,23587.83682624855,,False,False,True,NEUTRAL
2025-02-14,22929.25,23296.143511268125,23562.00989188586,,False,False,True,NEUTRAL
2025-02-17,22959.5,23264.082224480684,23538.382052988378,,False,False,True,NEUTRAL
2025-02-18,22945.30078125,23233.722087030143,23515.1239639006,,False,False,True,NEUTRAL
2025-02-19,22932.900390625,23205.072401658224,23492.2916669094,,False,False,True,NEUTRAL
2025-02-20,22913.150390625,23177.270305369344,23469.580244310015,,False,False,True,NEUTRAL
2025-02-21,22795.900390625,23140.949361107978,23443.161426518447,,False,False,True,NEUTRAL
2025-02-24,22553.349609375,23084.987479990552,23408.266845453996,,False,False,True,NEUTRAL
2025-02-25,22547.55078125,23033.803032491454,23374.51327430874,,False,False,True,NEUTRAL
2025-02-27,22545.05078125,22987.25519903989,23341.98533340448,,False,False,True,NEUTRAL
2025-02-28,22124.69921875,22905.107010440854,23294.248623025873,,False,False,True,NEUTRAL
2025-03-03,22119.30078125,22830.26832194649,23248.17223707388,,False,False,True,NEUTRAL
2025-03-04,22082.650390625,22759.066614201583,23202.46549799745,,False,False,True,NEUTRAL
2025-03-05,22337.30078125,22718.898439634766,23168.53746988971,,False,False,True,NEUTRAL
2025-03-06,22544.69921875,22702.30803764574,23144.073224746975,,False,False,True,NEUTRAL
2025-03-07,22552.5,22688.040605489,23120.874274756898,,False,False,True,NEUTRAL
2025-03-10,22460.30078125,22666.35109841862,23094.969431874273,,False,False,True,NEUTRAL
2025-03-11,22497.900390625,22650.308173866848,23071.55495966842,,False,False,True,NEUTRAL
2025-03-12,22470.5,22633.183585879528,23047.98417693633,,False,False,True,NEUTRAL
2025-03-13,22397.19921875,22610.708884248143,23022.463198183927,,False,False,True,NEUTRAL
2025-03-17,22508.75,22600.99851431975,23002.317582568874,,False,False,True,NEUTRAL
2025-03-18,22834.30078125,22623.217777836915,22995.728688399508,,False,False,True,NEUTRAL
2025-03-19,22907.599609375,22650.30176179292,22992.27264608482,,False,False,True,NEUTRAL
2025-03-20,23190.650390625,22701.763535967406,23000.05216547855,,False,False,True,NEUTRAL
2025-03-21,23350.400390625,22763.538474506226,23013.791311562727,,False,False,True,NEUTRAL
2025-03-24,23658.349609375,22848.758582588966,23039.068107555366,,False,False,True,NEUTRAL
2025-03-25,23668.650390625,22926.843516687633,23063.757608852215,,False,False,True,NEUTRAL
2025-03-26,23486.849609375,22980.177430276908,23080.34945200997,,False,False,True,NEUTRAL
2025-03-27,23591.94921875,23038.441410131487,23100.412187960563,,False,False,True,NEUTRAL
2025-03-28,23519.349609375,23084.24219101182,23116.841106447406,,False,False,True,NEUTRAL
2025-04-01,23165.69921875,23092.000003177363,23118.75711085143,,False,False,True,NEUTRAL
2025-04-02,23332.349609375,23114.89044186285,23127.133287264118,,False,False,True,NEUTRAL
2025-04-03,23250.099609375,23127.76750543544,23131.95549597435,,False,False,True,NEUTRAL
2025-04-04,22904.44921875,23106.499097179683,23123.033681181238,,False,False,True,NEUTRAL
2025-04-07,22161.599609375,23016.508669769715,23085.33038424766,,False,False,True,NEUTRAL
2025-04-08,22535.849609375,22970.731616398793,23063.782118566378,,False,False,True,NEUTRAL
2025-04-09,22399.150390625,22916.295309182242,23037.718129235345,,False,False,True,NEUTRAL
2025-04-11,22828.55078125,22907.93868747441,23029.515488137884,,False,False,True,NEUTRAL
2025-04-15,23328.55078125,22947.9969821197,23041.242362377576,,False,False,True,NEUTRAL
2025-04-16,23437.19921875,22994.587671322584,23056.770082235318,,False,False,True,NEUTRAL
2025-04-17,23851.650390625,23076.21269220853,23087.941859034912,,False,False,True,NEUTRAL
2025-04-21,24125.55078125,23176.149653069624,23128.632405004133,,False,False,True,NEUTRAL
2025-04-22,24167.25,23270.54016230109,23169.362506768677,,False,False,True,NEUTRAL
2025-04-23,24328.94921875,23371.341024820034,23214.836495473824,,False,False,True,NEUTRAL
2025-04-24,24246.69921875,23454.708471860984,23255.301700308184,,False,False,True,NEUTRAL
2025-04-25,24039.349609375,23510.388580195653,23286.048677134335,,False,False,True,NEUTRAL
2025-04-28,24328.5,23588.303953510353,23326.929121168283,,False,False,True,NEUTRAL
2025-04-29,24335.94921875,23659.508264485557,23366.498536759722,,False,False,True,NEUTRAL
2025-04-30,24334.19921875,23723.764545844075,23404.447583112284,,False,False,True,NEUTRAL
2025-05-02,24346.69921875,23783.0916575494,23441.398627647097,,False,False,True,NEUTRAL
2025-05-05,24461.150390625,23847.668679747076,23481.388892861916,,False,False,True,NEUTRAL
2025-05-06,24379.599609375,23898.32876828307,23516.6128425291,,False,False,True,NEUTRAL
2025-05-07,24414.400390625,23947.478446601348,23551.820197356392,,False,False,True,NEUTRAL
2025-05-08,24273.80078125,23978.55676418693,23580.13316143065,,False,False,True,NEUTRAL
2025-05-09,24008.0,23981.360881883415,23596.912253139253,,False,False,True,NEUTRAL
2025-05-12,24924.69921875,24071.20262825166,23648.98233022203,,False,False,True,NEUTRAL
2025-05-13,24578.349609375,24119.5023407396,23685.42810587509,,False,False,True,NEUTRAL
2025-05-14,24666.900390625,24171.635488347732,23723.917215080968,,False,False,True,NEUTRAL
2025-05-15,25062.099609375,24256.441595112236,23776.394956033677,,False,False,True,NEUTRAL
2025-05-16,25019.80078125,24329.1424699825,23825.155968787258,,False,False,True,NEUTRAL
2025-05-19,24945.44921875,24387.8383508175,23869.08903741325,,False,False,True,NEUTRAL
2025-05-20,24683.900390625,24416.034735561072,23901.042423813713,,False,False,True,NEUTRAL
2025-05-21,24813.44921875,24453.883733960014,23936.823082438663,,False,False,True,NEUTRAL
2025-05-22,24609.69921875,24468.723303940013,23963.210381901852,,False,False,True,NEUTRAL
2025-05-23,24853.150390625,24505.33540743382,23998.109990087076,,False,False,True,NEUTRAL
2025-05-26,25001.150390625,24552.55588202346,24037.44490775523,,False,False,True,NEUTRAL
2025-05-27,24826.19921875,24578.61715218789,24068.37644936287,,False,False,True,NEUTRAL
2025-05-28,24752.44921875,24595.172587098565,24095.20283247609,,False,False,True,NEUTRAL
2025-05-29,24833.599609375,24617.879922553464,24124.159568825067,,False,False,True,NEUTRAL
2025-05-30,24750.69921875,24630.52937933409,24148.729751175066,,False,False,True,NEUTRAL
2025-06-02,24716.599609375,24638.72654409989,24170.99915737899,,False,False,True,NEUTRAL
2025-06-03,24542.5,24629.562111328472,24185.567817873933,,False,False,True,NEUTRAL
2025-06-04,24620.19921875,24628.67040727338,24202.612186535738,,False,False,True,NEUTRAL
2025-06-05,24750.900390625,24640.31135806877,24224.113684735315,,False,False,True,NEUTRAL
2025-06-06,25003.05078125,24674.857969800316,24254.660237539814,,False,False,True,NEUTRAL
2025-06-09,25103.19921875,24715.65237446219,24287.93627601865,,False,False,True,NEUTRAL
2025-06-10,25104.25,24752.66167213246,24319.94857891988,,False,False,True,NEUTRAL
2025-06-11,25141.400390625,24789.68440722699,24352.162375457337,,False,False,True,NEUTRAL
2025-06-12,24888.19921875,24799.06677022918,24373.183428135482,,False,False,True,NEUTRAL
2025-06-13,24718.599609375,24791.40323110021,24386.729160733114,,False,False,True,NEUTRAL
2025-06-16,24946.5,24806.174351947808,24408.680958351426,,False,False,True,NEUTRAL
2025-06-17,24853.400390625,24810.672069917062,24426.120936087646,,False,False,True,NEUTRAL
2025-06-18,24812.05078125,24810.803375758293,24441.255439819502,,False,False,True,NEUTRAL
2025-06-19,24793.25,24809.131625686074,24455.059148061875,,False,False,True,NEUTRAL
2025-06-20,25112.400390625,24838.014365204064,24480.837236005525,,False,False,True,NEUTRAL
2025-06-23,24971.900390625,24850.765415244154,24500.094614618054,,False,False,True,NEUTRAL
2025-06-24,25044.349609375,24869.202005161376,24521.437947745777,24201.578376978414,True,False,False,BULL
2025-06-25,25244.75,24904.968480860294,24549.80312626555,24211.958194122908,True,False,False,BULL
2025-06-26,25549.0,24966.304816016458,24588.98731739239,24225.262092688852,True,False,False,BULL
2025-06-27,25637.80078125,25030.256812705367,24630.117257151513,24239.31720401782,True,False,False,BULL
2025-06-30,25517.05078125,25076.618143042953,24664.898963978903,24252.030970955453,True,False,False,BULL
2025-07-01,25541.80078125,25120.921251443622,24699.287270538553,24264.864501406148,True,False,False,BULL
2025-07-02,25453.400390625,25152.58593136566,24728.860334071353,24276.69072915957,True,False,False,BULL
2025-07-03,25405.30078125,25176.654012307023,24755.3874104313,24287.92067992664,True,False,False,BULL
2025-07-04,25461.0,25203.734582563495,24783.05849237517,24299.593110972146,True,False,False,BULL
2025-07-07,25461.30078125,25228.264696724116,24809.65622919379,24311.15239127342,True,False,False,BULL
2025-07-08,25522.5,25256.287106559914,24837.610886872466,24323.2056013105,True,False,False,BULL
2025-07-09,25476.099609375,25277.22163063754,24862.649660303938,24334.677183480297,True,False,False,BULL
2025-07-10,25355.25,25284.652903910155,24881.967320684176,24344.832136878504,True,False,False,BULL
2025-07-11,25149.849609375,25271.814494906805,24892.472508475974,24352.842260982947,True,False,False,BULL
2025-07-14,25082.30078125,25253.765569796633,24899.91675446711,24360.100554716948,True,False,False,BULL
2025-07-15,25195.80078125,25248.245113744575,24911.520049635066,24368.41597985658,True,False,False,BULL
2025-07-16,25212.05078125,25244.798034459378,24923.305568521926,24376.81035598985,True,False,False,BULL
2025-07-17,25111.44921875,25232.098147248962,24930.68375088381,24384.120195420302,True,False,False,BULL
2025-07-18,24968.400390625,25206.984075189535,24932.162834795232,24389.93392870592,True,False,False,BULL
2025-07-21,25090.69921875,25195.909326957197,24938.3799478915,24396.906717661583,True,False,False,BULL
2025-07-22,25060.900390625,25183.051333020798,24943.18467113595,24403.513619880126,True,False,False,BULL
2025-07-23,25219.900390625,25186.56076707834,24954.03626797866,24411.636871330324,True,False,False,BULL
2025-07-24,25062.099609375,25174.707323487546,24958.274046072635,24418.109137380517,True,False,False,BULL
2025-07-25,24837.0,25142.544721250637,24953.51820112861,24422.27720566529,True,False,False,BULL
2025-07-28,24680.900390625,25098.578594524388,24942.827306599054,24424.850570689767,True,False,False,BULL
2025-07-29,24821.099609375,25072.15202451016,24938.0536714138,24428.7933471941,True,False,False,BULL
2025-07-30,24855.05078125,25051.47571562824,24934.79865611326,24433.034714697143,True,False,False,BULL
2025-07-31,24768.349609375,25024.511324556504,24928.27124251568,24436.371181310857,True,False,False,BULL
2025-08-01,24565.349609375,24980.78163739636,24914.0390216082,24437.654548754283,True,False,False,BULL
2025-08-04,24722.75,24956.207195739564,24906.537491349056,24440.491319413446,True,False,False,BULL
2025-08-05,24649.55078125,24927.001822931037,24896.459581149094,24442.57151306356,True,False,False,BULL
2025-08-06,24574.19921875,24893.401574913794,24883.82191987854,24443.881241478353,True,False,False,BULL
2025-08-07,24596.150390625,24865.091938314865,24872.540683437226,24445.396357390262,False,False,True,NEUTRAL
2025-08-08,24363.30078125,24817.302304308687,24852.57049119459,24444.579485985883,False,True,False,BEAR
2025-08-11,24585.05078125,24795.18311163643,24842.079522177155,24445.97721031687,False,False,True,NEUTRAL
2025-08-12,24487.400390625,24765.870471540104,24828.17053662609,24446.38938126521,False,False,True,NEUTRAL
2025-08-13,24619.349609375,24751.916103714855,24819.981480655457,24448.110378559835,False,False,True,NEUTRAL
2025-08-14,24631.30078125,24740.428930146772,24812.582237541515,24449.933168636355,False,False,True,NEUTRAL
2025-08-18,24876.94921875,24753.4308623947,24815.106432883025,24454.182084557884,False,False,True,NEUTRAL
2025-08-19,24980.650390625,24775.070817464253,24821.598352794477,24459.42057516552,False,False,True,NEUTRAL
2025-08-20,25050.55078125,24801.307004491468,24830.576879400574,24465.302467763377,False,False,True,NEUTRAL
2025-08-21,25083.75,24828.206337397045,24840.50523707114,24471.4561745518,False,False,True,NEUTRAL
2025-08-22,24870.099609375,24832.19617282352,24841.6658006909,24475.422775893327,False,False,True,NEUTRAL
2025-08-25,24967.75,24845.10606112604,24846.610279095177,24480.321554242648,False,False,True,NEUTRAL
2025-08-26,24712.05078125,24832.434129709272,24841.333436042427,24482.62731769546,False,False,True,NEUTRAL
2025-08-28,24500.900390625,24800.85948789172,24827.983120535864,24482.80913931665,False,False,True,NEUTRAL
2025-08-29,24426.849609375,24765.239499461557,24812.252394607985,24482.252328073453,False,True,False,BEAR
2025-09-01,24625.05078125,24751.888192965216,24804.91115486846,24483.673208204564,False,False,True,NEUTRAL
2025-09-02,24579.599609375,24735.479756432815,24796.075407986365,24484.6276997585,False,False,True,NEUTRAL
2025-09-03,24715.05078125,24733.534139748735,24792.89797164376,24486.920466738517,False,False,True,NEUTRAL
2025-09-04,24734.30078125,24733.607153225046,24790.600042608712,24489.3819624053,False,False,True,NEUTRAL
2025-09-05,24741.0,24734.31123387028,24788.654942898567,24491.885624470917,False,False,True,NEUTRAL
2025-09-08,24773.150390625,24738.010201180256,24788.04692124078,24494.684278860514,False,False,True,NEUTRAL
2025-09-09,24868.599609375,24750.447287674993,24791.20585018722,24498.4048294129,False,False,True,NEUTRAL
2025-09-10,24973.099609375,24771.65227069404,24798.338938782817,24503.128160556804,False,False,True,NEUTRAL
2025-09-11,25005.5,24793.923483008894,24806.462901967807,24508.126885327383,False,False,True,NEUTRAL
2025-09-12,25114.0,24824.40696081757,24818.523180322012,24514.15547353308,True,False,False,BULL
2025-09-15,25069.19921875,24847.720509192088,24828.35361320154,24519.678296868573,True,False,False,BULL
2025-09-16,25239.099609375,24884.994709209506,24844.46129932599,24526.83671788854,True,False,False,BULL
2025-09-17,25330.25,24927.39997499908,24863.511836607326,24534.8308798996,True,False,False,BULL
2025-09-18,25423.599609375,24974.65708303488,24885.476062990372,24543.67434984463,True,False,False,BULL
2025-09-19,25327.05078125,25008.218387626795,24902.792718608394,24551.469140206875,True,False,False,BULL
2025-09-22,25202.349609375,25026.707075412338,24914.540047658065,24557.945562785662,True,False,False,BULL
2025-09-23,25169.5,25040.306401563543,24924.538477161674,24564.030681563916,True,False,False,BULL
2025-09-24,25056.900390625,25041.886781474157,24929.729140434745,24568.934857773478,True,False,False,BULL
2025-09-25,24890.849609375,25027.502288893287,24928.204452942206,24572.13798963021,True,False,False,BULL
2025-09-26,24654.69921875,24991.997234593928,24917.47875748369,24572.959494397575,True,False,False,BULL
2025-09-29,24634.900390625,24957.98801135879,24906.397252900995,24573.575821723225,True,False,False,BULL
2025-09-30,24611.099609375,24924.95102069367,24894.81695315488,24573.949192744636,True,False,False,BULL
2025-10-01,24836.30078125,24916.508140746653,24892.522201315474,24576.559656311852,True,False,False,BULL
2025-10-03,24894.25,24914.388317818404,24892.589958126635,24579.720754258997,True,False,False,BULL
2025-10-06,25077.650390625,24929.937086657126,24899.847229989315,24584.675278003935,True,False,False,BULL
2025-10-07,25108.30078125,24946.92410518978,24908.02187905836,24589.885482016336,True,False,False,BULL
2025-10-08,25046.150390625,24956.37422761218,24913.438683433524,24594.42543135573,True,False,False,BULL
2025-10-09,25181.80078125,24977.843423196733,24923.962687269464,24600.269962200447,True,False,False,BULL
2025-10-10,25285.349609375,25007.129726642284,24938.134723430467,24607.086675107657,True,False,False,BULL
2025-10-13,25227.349609375,25028.103048807305,24949.476483663584,24613.258445597883,True,False,False,BULL
2025-10-14,25145.5,25039.283710825657,24957.16368038266,24618.55438146258,True,False,False,BULL
2025-10-15,25323.55078125,25066.356765151784,24971.5318019853,24625.569271012708,True,False,False,BULL
2025-10-16,25585.30078125,25115.780004780187,24995.601173721174,24635.11883827875,True,False,False,BULL
2025-10-17,25709.849609375,25172.358062360647,25023.610916295835,24645.812676797123,True,False,False,BULL
2025-10-20,25843.150390625,25236.24304600487,25055.749719210704,24657.726484894913,True,False,False,BULL
2025-10-21,25868.599609375,25296.46748061155,25087.62618549166,24669.774973695712,True,False,False,BULL
2025-10-23,25891.400390625,25353.12775775569,25119.146742555713,24681.930450481083,True,False,False,BULL
2025-10-24,25795.150390625,25395.22515136229,25145.656689538824,24693.007265805896,True,False,False,BULL
2025-10-27,25966.05078125,25449.58949706588,25177.82900686083,24705.674365462055,True,False,False,BULL
2025-10-28,25936.19921875,25495.933280083416,25207.569015170207,24717.91839385298,True,False,False,BULL
2025-10-29,26053.900390625,25549.0730048969,25240.758480874316,24731.21174705469,True,False,False,BULL
2025-10-30,25877.849609375,25580.385062466245,25265.742446697874,24742.62107901808,True,False,False,BULL
2025-10-31,25722.099609375,25593.881685981363,25283.638806018545,24752.367134046508,True,False,False,BULL
2025-11-03,25763.349609375,25610.021488209328,25302.45099438547,24762.426661164205,True,False,False,BULL
2025-11-04,25597.650390625,25608.84328843939,25314.02744129682,24770.737345039437,True,False,False,BULL
2025-11-06,25509.69921875,25599.40099608802,25321.700844334202,24778.09019950422,True,False,False,BULL
2025-11-07,25492.30078125,25589.20097562726,25328.39103793874,24785.19677245691,True,False,False,BULL
2025-11-10,25574.349609375,25587.786559793713,25338.03647211271,24793.04903949092,True,False,False,BULL
2025-11-11,25694.94921875,25597.99252731336,25352.033050412214,24802.02317062783,True,False,False,BULL
2025-11-12,25875.80078125,25624.450456259707,25372.572961425463,24812.707524962378,True,False,False,BULL
2025-11-13,25879.150390625,25648.707592865925,25392.438742962702,24823.318896760014,True,False,False,BULL
2025-11-14,25910.05078125,25673.597420331076,25412.73725426809,24834.132149342004,True,False,False,BULL
2025-11-17,26013.44921875,25705.964258275737,25436.294586208558,24845.86664754507,True,False,False,BULL
2025-11-18,25910.05078125,25725.401069987573,25454.87326052391,24856.455544397857,True,False,False,BULL
2025-11-19,26052.650390625,25756.567671953042,25478.31550092003,24868.357980678724,True,False,False,BULL
2025-11-20,26192.150390625,25798.05174039799,25506.3090260065,24881.530044459287,True,False,False,BULL
2025-11-21,26068.150390625,25823.77542137199,25528.342020697422,24893.337212082824,True,False,False,BULL
2025-11-24,25959.5,25836.701571717513,25545.250176748505,24903.945797037224,True,False,False,BULL
2025-11-25,25884.80078125,25841.282448815844,25558.565886728957,24913.70554812392,True,False,False,BULL
2025-11-26,26205.30078125,25875.95086142862,25583.928039455273,24926.55724198587,True,False,False,BULL
2025-11-27,26215.55078125,25908.293710935417,25608.69755874134,24939.383048346706,True,False,False,BULL
2025-11-28,26202.94921875,25936.356140251093,25632.001545408348,24951.955846062167,True,False,False,BULL
2025-12-01,26175.75,25959.155555465277,25653.325014215865,24964.132902320252,True,False,False,BULL
2025-12-02,26032.19921875,25966.112094825727,25668.18282615838,24974.76042785687,True,False,False,BULL
2025-12-03,25986.0,25968.0061810328,25680.646244740405,24984.822513151827,True,False,False,BULL
2025-12-04,26033.75,25974.267497124918,25694.493450829017,24995.259602573205,True,False,False,BULL
2025-12-05,26186.44921875,25994.47528013683,25713.78583388474,25007.11223556999,True,False,False,BULL
2025-12-08,25960.55078125,25991.244375480943,25723.46289064416,25016.599186273277,True,False,False,BULL
2025-12-09,25839.650390625,25976.80685311371,25728.019263192433,25024.78875049568,True,False,False,BULL
2025-12-10,25758.0,25955.968105198117,25729.19497836136,25032.084384819107,True,False,False,BULL
2025-12-11,25898.55078125,25950.499788631627,25735.83638239621,25040.7059410025,True,False,False,BULL
2025-12-12,26046.94921875,25959.6854486429,25748.036885782632,25050.71831192536,True,False,False,BULL
2025-12-15,26027.30078125,25966.125004129288,25758.98841109508,25060.435550426104,True,False,False,BULL
2025-12-16,25860.099609375,25956.027347486022,25762.953556125667,25068.392406734052,True,False,False,BULL
2025-12-17,25818.55078125,25942.93434117783,25765.133839463877,25075.856669167046,True,False,False,BULL
2025-12-18,25815.55078125,25930.80257356566,25767.11097443588,25083.21680958578,True,False,False,BULL
2025-12-19,25966.400390625,25934.192841857024,25774.926245658986,25092.004705914533,True,False,False,BULL
2025-12-22,26172.400390625,25956.87927507302,25790.513467030203,25102.754911732547,True,False,False,BULL
2025-12-23,26177.150390625,25977.857476554163,25805.67569932804,25113.445414010086,True,False,False,BULL
2025-12-24,26142.099609375,25993.499584441863,25818.868793839683,25123.6807791381,True,False,False,BULL
2025-12-26,26042.30078125,25998.14731747121,25827.63083256166,25132.82127667155,True,False,False,BULL
2025-12-29,25942.099609375,25992.809440509664,25832.119804201397,25140.87379739497,True,False,False,BULL
2025-12-30,25938.849609375,25987.67040897303,25836.305286757226,25148.813855225617,True,False,False,BULL
2025-12-31,26129.599609375,26001.18747567798,25847.8070248991,25158.57291745596,True,False,False,BULL
2026-01-01,26146.55078125,26015.031600018174,25859.522466324623,25168.40354296635,True,False,False,BULL
2026-01-02,26328.55078125,26044.8905696593,25877.9157335766,25179.94729658111,True,False,False,BULL
2026-01-05,26250.30078125,26064.453446953652,25892.51906877948,25190.597580010653,True,False,False,BULL
2026-01-06,26178.69921875,26075.333996648544,25903.741819758714,25200.429437112536,True,False,False,BULL
2026-01-07,26140.75,26081.564092205823,25913.03625819955,25209.785860623855,True,False,False,BULL
2026-01-08,25876.849609375,26062.067474793363,25911.61717393192,25216.423310860187,True,False,False,BULL
2026-01-09,25683.30078125,26025.99445636066,25902.663589905183,25221.06885782924,True,False,False,BULL
2026-01-12,25790.25,26003.54260337393,25898.25521383047,25226.73235178119,True,False,False,BULL
2026-01-13,25732.30078125,25977.71004888594,25891.747196866534,25231.762883417698,True,False,False,BULL
2026-01-14,25665.599609375,25947.985245122993,25882.878664023727,25236.079666760557,True,False,False,BULL
2026-01-16,25694.349609375,25923.829470289853,25875.485367762994,25240.63956668707,True,False,False,BULL
2026-01-19,25585.5,25891.607615976533,25864.113392556606,25244.071013784713,True,False,False,BULL
2026-01-20,25232.5,25828.835462074003,25839.34423990733,25243.955879319194,False,True,False,BEAR
2026-01-21,25157.5,25764.898751400287,25812.60525010704,25243.095621813532,False,True,False,BEAR
2026-01-22,25289.900390625,25719.66081227883,25792.107020323434,25243.561340906184,False,False,True,NEUTRAL
2026-01-23,25048.650390625,25655.75505783561,25762.951858374476,25241.621928465578,False,True,False,BEAR
2026-01-27,25175.400390625,25610.00699429174,25739.910624345088,25240.963007691047,False,True,False,BEAR
2026-01-28,25342.75,25584.553947216336,25724.335697900184,25241.97581358467,False,False,True,NEUTRAL
2026-01-29,25418.900390625,25568.777418017162,25712.357842712925,25243.736257137312,False,False,True,NEUTRAL
2026-01-30,25320.650390625,25545.14627255124,25696.996766160457,25244.501571898385,False,False,True,NEUTRAL
2026-02-02,25088.400390625,25501.64666474874,25673.130241629653,25242.948326313577,False,True,False,BEAR
2026-02-03,25727.55078125,25523.161342510764,25675.264380438297,25247.770241288068,False,False,True,NEUTRAL
2026-02-04,25776.0,25547.241214652597,25679.214796891698,25253.026258787693,False,False,True,NEUTRAL
2026-02-05,25642.80078125,25556.342125757114,25677.7867962783,25256.90461224503,False,False,True,NEUTRAL
2026-02-06,25693.69921875,25569.423753661198,25678.410812845817,25261.250827235133,False,False,True,NEUTRAL
2026-02-09,25867.30078125,25597.79299438394,25685.818262587156,25267.281175036278,False,False,True,NEUTRAL
2026-02-10,25935.150390625,25629.922270216422,25695.595993098443,25273.92663986801,False,False,True,NEUTRAL
2026-02-11,25953.849609375,25660.772492993427,25705.723585893604,25280.69204254967,False,False,True,NEUTRAL
2026-02-12,25807.19921875,25674.717895446433,25709.703022476206,25285.9309199248,False,False,True,NEUTRAL
2026-02-13,25471.099609375,25655.325677725345,25700.346025884002,25287.773394446693,False,False,True,NEUTRAL
2026-02-16,25682.75,25657.93751794198,25699.65598565326,25291.703509924835,False,False,True,NEUTRAL
2026-02-17,25725.400390625,25664.362553435603,25700.665570161957,25296.018901772597,False,False,True,NEUTRAL
2026-02-18,25819.349609375,25679.12322542983,25705.319846209528,25301.226172495008,False,False,True,NEUTRAL
2026-02-19,25454.349609375,25657.71621437699,25695.477876137586,25302.749788782374,False,False,True,NEUTRAL
2026-02-20,25571.25,25649.481336817276,25690.606194720425,25305.421432675088,False,False,True,NEUTRAL
2026-02-23,25713.0,25655.53073331087,25691.484383162762,25309.476940807675,False,False,True,NEUTRAL
2026-02-24,25424.650390625,25633.542129245547,25681.020305024027,25310.62294528347,False,False,True,NEUTRAL
2026-02-25,25482.5,25619.157164555498,25673.235195023084,25312.333164733387,False,False,True,NEUTRAL
2026-02-26,25496.55078125,25607.48036614545,25666.306394482963,25314.166175843005,False,False,True,NEUTRAL
2026-02-27,25178.650390625,25566.63941609588,25647.18262962579,25312.817760069694,False,True,False,BEAR
2026-03-02,24865.69921875,25499.883206824845,25616.536221356153,25308.368819360046,False,True,False,BEAR
2026-03-04,24480.5,25402.799091889145,25571.98578130297,25300.131318669897,False,True,False,BEAR
2026-03-05,24765.900390625,25342.14207272113,25540.374589511677,25294.815588042587,False,True,False,BEAR
2026-03-06,24450.44921875,25257.2189437715,25497.632418109257,25286.413932626743,False,True,False,BEAR
2026-03-09,24028.05078125,25140.15530924564,25440.001765683402,25273.892906244888,False,True,False,BEAR
2026-03-10,24261.599609375,25056.48333782939,25393.78991641641,25263.82033612678,False,True,False,BEAR
2026-03-11,23866.849609375,24943.1848875004,25333.90990437557,25249.920129890445,False,True,False,BEAR
2026-03-12,23639.150390625,24818.99112589322,25267.448746973587,25233.892570295764,False,True,False,BEAR
2026-03-13,23151.099609375,24660.144314796245,25184.45466314619,25213.168262226904,False,True,False,BEAR
2026-03-16,23408.80078125,24540.968740172793,25114.821177581634,25195.214356943554,False,True,False,BEAR
2026-03-17,23581.150390625,24449.55746878729,25054.67722515196,25179.154018970235,False,True,False,BEAR
2026-03-18,23777.80078125,24385.580641402787,25004.60363911659,25165.210205659587,False,True,False,BEAR
2026-03-19,23002.150390625,24253.82537942395,24926.076060744374,25143.687222425415,False,True,False,BEAR
2026-03-20,23114.5,24145.31820043119,24855.03386228381,25123.49630478934,False,True,False,BEAR
2026-03-23,22512.650390625,23989.826028068695,24763.175686924642,25097.517738479248,False,True,False,BEAR
2026-03-24,22912.400390625,23887.214062597868,24690.596263540345,25075.77527730657,False,True,False,BEAR
2026-03-25,23306.44921875,23831.903125088545,24636.315987274058,25058.170042893074,False,True,False,BEAR
2026-03-27,22819.599609375,23735.493266449157,24565.072207748603,25035.89571022125,False,True,False,BEAR
2026-03-30,22331.400390625,23601.770135418286,24477.477234528073,25008.98530903124,False,True,False,BEAR
2026-04-01,22679.400390625,23513.925397818926,24406.96441712011,24985.80535959436,False,True,False,BEAR
2026-04-02,22713.099609375,23437.65627510998,24340.538346228146,24963.19137202999,False,True,False,BEAR
2026-04-06,22968.25,23392.950915575697,24286.7231169643,24943.34120912422,False,True,False,BEAR
2026-04-07,23123.650390625,23367.303246532774,24241.112421813737,24925.234832820748,False,True,False,BEAR
2026-04-08,23997.349609375,23427.307662041556,24231.55309583575,24916.002144030244,False,True,False,BEAR
2026-04-09,23775.099609375,23460.430704644743,24213.6529591118,24904.649880003824,False,True,False,BEAR
2026-04-10,24050.599609375,23516.637267000006,24207.258710102516,24896.15186736075,False,True,False,BEAR
2026-04-13,23842.650390625,23547.686135916672,24192.96034463281,24885.669265602188,False,True,False,BEAR
2026-04-15,24231.30078125,23612.792292615082,24194.46389116682,24879.158136404654,False,True,False,BEAR
2026-04-16,24196.75,23668.407312366027,24194.55354249361,24872.368005694163,False,True,False,BEAR
2026-04-17,24353.55078125,23733.65907130736,24200.788728327192,24867.205645251935,False,True,False,BEAR
2026-04-20,24364.849609375,23793.77245588523,24207.222488368283,24862.20707773077,False,True,False,BEAR
2026-04-21,24576.599609375,23868.327422884257,24221.707865662665,24859.365212374,False,True,False,BEAR
2026-04-22,24378.099609375,23916.877154930993,24227.840875220012,24854.576499906347,False,True,False,BEAR
2026-04-23,24173.05078125,23941.27464315185,24225.692244083933,24847.795149471956,False,True,False,BEAR
2026-04-24,23897.94921875,23937.148412256436,24212.83957642378,24838.34394618119,False,True,False,BEAR
2026-04-27,24092.69921875,23951.962774779633,24208.128189848336,24830.924595659486,False,True,False,BEAR
2026-04-28,23995.69921875,23956.12815039586,24199.797641962126,24822.61389539173,False,True,False,BEAR
2026-04-29,24177.650390625,23977.22550660816,24198.929122301844,24816.19634808062,False,True,False,BEAR
2026-04-30,23997.55078125,23979.16124705024,24191.031932456677,24808.050621047478,False,True,False,BEAR
2026-05-04,24119.30078125,23992.50786935498,24188.218946134846,24801.197388810688,False,True,False,BEAR
2026-05-05,24032.80078125,23996.345289535457,24182.124116139363,24793.551651422025,False,True,False,BEAR
2026-05-06,24330.94921875,24028.212330413033,24187.96039467311,24788.94864214171,False,True,False,BEAR
2026-05-07,24326.650390625,24056.63500281417,24193.399218043774,24784.348659539555,False,True,False,BEAR
2026-05-08,24176.150390625,24068.01742070092,24192.72279343912,24778.296935470757,False,True,False,BEAR
2026-05-11,23815.849609375,24044.00143866988,24177.943452887586,24768.720345161346,False,True,False,BEAR
2026-05-12,23379.55078125,23980.72042367751,24146.63393635278,24754.89776243586,False,True,False,BEAR
2026-05-13,23412.599609375,23926.613679458227,24117.8482764713,24741.541561907892,False,True,False,BEAR
2026-05-14,23689.599609375,23904.040910878874,24101.054211094975,24731.074477803086,False,True,False,BEAR
2026-05-15,23643.5,23879.227490795172,24083.1109086991,24720.252841208032,False,True,False,BEAR
2026-05-18,23649.94921875,23857.391464886106,24066.124175759916,24709.60305391989,False,True,False,BEAR
2026-05-19,23618.0,23834.592277754095,24048.550678671294,24698.741331990343,False,True,False,BEAR
2026-05-20,23659.0,23817.869203682276,24033.274181468496,24688.39564709492,False,True,False,BEAR
2026-05-21,23654.69921875,23802.329205117298,24018.428104499144,24678.110110494476,False,True,False,BEAR
2026-05-22,23719.30078125,23794.421736177555,24006.69762123447,24668.56971915871,False,True,False,BEAR
2026-05-25,24031.69921875,23817.019591660646,24007.678076039,24662.232699254146,False,True,False,BEAR
2026-05-26,23913.69921875,23826.227175192966,24003.992630655117,24654.78460492077,False,True,False,BEAR
2026-05-27,23907.150390625,23833.934148091255,24000.194895751978,24647.345458509866,False,True,False,BEAR
2026-05-29,23547.75,23806.678514939704,23982.451958663663,24636.404210166485,False,True,False,BEAR
2026-06-01,23382.599609375,23766.290047743067,23958.928337122932,24623.92854249692,False,True,False,BEAR
2026-06-02,23483.55078125,23739.36249855325,23940.286080029877,24612.581500096454,False,True,False,BEAR
2026-06-03,23405.599609375,23707.57555672675,23919.31798314145,24600.571730039526,False,True,False,BEAR
2026-06-04,23416.55078125,23679.85891144325,23899.60162228296,24588.790427066495,False,True,False,BEAR
2026-06-05,23366.69921875,23650.034178805796,23878.70348881108,24576.63031554096,False,True,False,BEAR
2026-06-08,23123.0,23599.84044749096,23849.06805787731,24562.166332301746,False,True,False,BEAR
2026-06-09,23242.099609375,23565.76989147992,23825.26537362232,24549.03134003382,False,True,False,BEAR
2026-06-10,23214.94921875,23532.358398838973,23801.33140676458,24535.756891065823,False,True,False,BEAR
2026-06-11,23161.599609375,23497.048037937642,23776.243885298325,24522.083684282832,False,True,False,BEAR
2026-06-12,23622.900390625,23509.03397628882,23770.23041491898,24513.1365868335,False,True,False,BEAR
2026-06-15,23853.900390625,23541.87839670179,23773.511590436865,24506.577022692123,False,True,False,BEAR
2026-06-16,23989.150390625,23584.475729456382,23781.968013973656,24501.428498989964,False,True,False,BEAR
2026-06-17,24085.69921875,23632.2112998653,23793.879041611945,24497.291889236334,False,True,False,BEAR
2026-06-18,24168.0,23683.238795116224,23808.55045174481,24494.015353025028,False,True,False,BEAR
2026-06-19,24013.099609375,23714.654110759915,23816.571987338153,24489.230121744928,False,True,False,BEAR
2026-06-22,24102.900390625,23751.629946937544,23827.800552172932,24485.386044818362,False,True,False,BEAR
2026-06-23,23824.099609375,23758.531819550633,23827.65541716125,24478.80608028659,False,True,False,BEAR
2026-06-24,24021.650390625,23783.590731081527,23835.263063179438,24474.257267454137,False,True,False,BEAR
2026-06-25,24056.0,23809.534470978524,23843.91941364299,24470.09550359887,False,True,False,BEAR
2026-06-29,23946.25,23822.554997551997,23847.932377813853,24464.883110528233,False,True,False,BEAR
2026-06-30,23865.75,23826.66880730895,23848.631108095662,24458.921587040393,False,True,False,BEAR
2026-07-01,24005.849609375,23843.733645600958,23854.796539518382,24454.413408158154,False,True,False,BEAR
2026-07-02,24175.69921875,23875.349414472294,23867.38095831178,24451.640132641656,False,False,True,NEUTRAL
2026-07-03,24270.849609375,23913.016099701123,23883.203258353475,24449.841221962386,False,False,True,NEUTRAL
2026-07-06,24430.349609375,23962.2859577653,23904.65997800138,24449.647275568484,False,False,True,NEUTRAL
2026-07-07,24398.69921875,24003.849125478126,23924.03406587387,24449.140329729496,False,False,True,NEUTRAL
2026-07-08,23882.05078125,23992.249283170684,23922.38766255529,24443.497647655076,False,False,True,NEUTRAL
2026-07-09,23962.80078125,23989.444663940143,23923.972490739397,24438.71459425801,False,False,True,NEUTRAL
2026-07-10,24206.900390625,24010.154733148225,23935.06770249962,24436.407985266636,False,False,True,NEUTRAL
2026-07-13,24211.0,24029.282853800774,23945.8885769114,24434.165119741596,False,False,True,NEUTRAL
2026-07-14,24052.05078125,24031.451227843558,23950.051800610952,24430.36298702029,False,False,True,NEUTRAL
2026-07-15,24078.5,24035.93206328703,23955.088984900718,24426.861862771333,False,False,True,NEUTRAL
2026-07-16,24072.75,24039.43853345017,23959.703142355593,24423.338361649232,False,False,True,NEUTRAL
2026-07-17,24334.30078125,24067.520652288247,23974.39324584165,24422.452415575608,False,False,True,NEUTRAL
2026-07-20,24238.5,24083.80439968937,23984.750373455703,24420.622043281324,False,False,True,NEUTRAL
2026-07-21,24187.69921875,24093.69914436181,23992.70915170254,24418.304403236238,False,False,True,NEUTRAL
2026-07-22,23996.25,24084.418273470208,23992.84800849852,24414.10485693538,False,False,True,NEUTRAL
2026-07-23,23869.599609375,24063.959353080187,23988.014737944657,24408.68689427309,False,False,True,NEUTRAL
2026-07-24,23767.44921875,24035.72029266779,23979.365109740946,24402.306419889777,False,False,True,NEUTRAL
2026-07-27,23995.94921875,24031.932571342284,23980.01546695699,24398.263064654555,False,False,True,NEUTRAL
2026-07-28,23985.349609375,24027.496098773972,23980.224649012598,24394.154473059734,False,False,True,NEUTRAL
2026-07-29,24250.19921875,24048.70591972407,23990.811887041516,24392.722082469587,False,False,True,NEUTRAL
2026-07-30,24317.150390625,24074.27205980987,24003.609475417343,24391.970125336808,False,False,True,NEUTRAL
2026-07-31,24383.599609375,24103.73182643512,24018.51104929804,24391.886836620768,False,False,True,NEUTRAL
2026-08-03,24774.30078125,24167.595536417488,24048.149862315764,24395.691950497676,True,False,False,BULL
2026-08-04,24614.900390625,24210.195998722967,24070.375373229854,24397.873129006406,True,False,False,BULL
2026-08-05,24624.650390625,24249.667845570777,24092.11164842182,24400.129619171767,True,False,False,BULL
2026-08-06,24636.0,24286.461384087845,24113.440603385672,24402.476588135232,True,False,False,BULL
2026-08-07,24570.650390625,24313.527003758052,24131.370398963685,24404.149959304286,True,False,False,BULL
2026-08-10,24583.80078125,24339.26736351919,24149.112766896484,24405.937529671908,True,False,False,BULL
2026-08-11,24471.69921875,24351.879921160216,24161.76321598878,24406.591874836868,True,False,False,BULL
2026-08-12,24435.94921875,24359.88652093067,24172.515608253925,24406.883987711626,True,False,False,BULL
2026-08-13,24395.849609375,24363.31157697299,24181.273804376324,24406.77419290231,False,False,True,NEUTRAL
2026-08-14,24366.0,24363.567617261273,24188.517968910586,24406.368479540102,False,False,True,NEUTRAL
2026-08-17,24287.650390625,24356.337405200677,24192.40551486017,24405.187205023536,False,False,True,NEUTRAL
2026-08-18,24154.900390625,24337.15292762204,24190.934725674477,24402.69678895987,False,False,True,NEUTRAL
2026-08-19,24078.30078125,24312.500342253275,24186.517708246065,24399.468967987636,False,False,True,NEUTRAL
2026-08-20,24231.849609375,24304.81932007439,24188.295429858965,24397.801113673086,False,False,True,NEUTRAL
2026-08-21,24252.0,24299.788908638737,24190.79364829587,24396.350356323106,False,False,True,NEUTRAL
2026-08-24,24219.05078125,24292.099563173142,24191.901771156816,24394.58618144676,False,False,True,NEUTRAL
2026-08-25,24334.55078125,24296.14253632332,24197.495849984,24393.988814280627,False,False,True,NEUTRAL
2026-08-26,24207.75,24287.724199530625,24197.897973514042,24392.13569175047,False,False,True,NEUTRAL
2026-08-27,24090.849609375,24268.974238563424,24193.699998449767,24389.13782028405,False,False,True,NEUTRAL
2026-08-28,24175.650390625,24260.086253045476,24192.992170691934,24387.01356725262,False,False,True,NEUTRAL
2026-08-31,24080.400390625,24242.973313767336,24188.57680676774,24383.96268987324,False,False,True,NEUTRAL
2026-09-01,24055.80078125,24225.147358289494,24183.369903806262,24380.697397250126,False,False,True,NEUTRAL
2026-09-02,23914.44921875,24195.557059285733,24172.82399458837,24376.058111891914,False,False,True,NEUTRAL
2026-09-03,23873.44921875,24164.880122091854,24161.08380730059,24371.057028378065,False,False,True,NEUTRAL
2026-09-04,23897.69921875,24139.434321773584,24150.75499990645,24366.34700042157,False,True,False,BEAR
