trades,wins,losses,win_rate_pct,avg_net_pct,median_net_pct,avg_gross_pct,avg_winner_pct,avg_loser_pct,profit_factor,expectancy_pct,compounded_return_pct,max_drawdown_pct,avg_holding_days,median_holding_days,target_exits,stop_exits,time_exits,symbol,exchange
3,3,0,100.0,4.802500000000012,4.802500000000014,4.952500000000012,4.802500000000012,0.0,inf,4.802500000000012,15.110496676501594,0.0,6.666666666666667,8.0,3,0,0,VMM.BO,BSE
3,3,0,100.0,4.80250000000001,4.802500000000009,4.952500000000011,4.80250000000001,0.0,inf,4.80250000000001,15.110496676501572,0.0,7.0,8.0,3,0,0,VMM.NS,NSE
1,1,0,100.0,4.797500000000013,4.797500000000013,4.947500000000013,4.797500000000013,0.0,inf,4.797500000000013,4.79750000000001,0.0,1.0,1.0,1,0,0,AYE.BO,BSE
1,1,0,100.0,4.79750000000001,4.79750000000001,4.94750000000001,4.79750000000001,0.0,inf,4.79750000000001,4.79750000000001,0.0,1.0,1.0,1,0,0,PWL.NS,NSE
1,1,0,100.0,4.797500000000009,4.797500000000009,4.94750000000001,4.797500000000009,0.0,inf,4.797500000000009,4.79750000000001,0.0,1.0,1.0,1,0,0,PWL.BO,BSE
1,1,0,100.0,4.797499999999996,4.797499999999996,4.947499999999996,4.797499999999996,0.0,inf,4.797499999999996,4.797499999999988,0.0,2.0,2.0,1,0,0,LENSKART.NS,NSE
4,3,1,75.0,2.9240625000000167,4.797500000000014,3.074062500000017,4.799166666666683,-2.701249999999985,5.329939842665481,2.9240625000000167,11.9903877694729,-2.7012499999999884,4.0,3.5,3,1,0,IOC.BO,BSE
6,4,2,66.66666666666666,2.300416666666676,4.79750000000001,2.4504166666666762,4.8000000000000105,-2.6987499999999933,3.5572024085224805,2.300416666666676,14.204171938887388,-2.698749999999994,14.666666666666666,13.0,4,2,0,HDFCBANK.NS,NSE
3,2,1,66.66666666666666,2.299583333333347,4.797499999999999,2.449583333333347,4.8000000000000105,-2.70124999999998,3.5539102267469107,2.299583333333347,6.863606259188337,-2.701249999999966,1.6666666666666667,2.0,2,1,0,PINELABS.NS,NSE
3,2,1,66.66666666666666,2.2995833333333437,4.797500000000007,2.449583333333344,4.800000000000008,-2.701249999999983,3.5539102267469045,2.2995833333333437,6.863606259188293,0.0,11.666666666666666,9.0,2,1,0,NTPC.BO,BSE
7,4,3,57.14285714285714,1.5873214285714388,4.802500000000008,1.7373214285714391,4.802500000000011,-2.699583333333324,2.3719709831764297,1.5873214285714388,11.129835230401985,-5.32466748437499,4.142857142857143,2.0,4,3,0,INOXWIND.BO,BSE
7,4,3,57.14285714285714,1.5855357142857243,4.797500000000011,1.7355357142857244,4.800000000000011,-2.7004166666666585,2.3700046289153036,1.5855357142857243,11.116376713447051,-2.7012499999999995,3.4285714285714284,2.0,4,3,0,KALYANKJIL.BO,BSE
7,4,3,57.14285714285714,1.5837500000000113,4.797500000000006,1.7337500000000117,4.79750000000001,-2.701249999999986,2.3680394878914255,1.5837500000000113,11.10291982640268,-2.7012499999999995,5.142857142857143,4.0,4,3,0,UJJIVANSFB.NS,NSE
9,5,4,55.55555555555556,1.2768859027816841,3.0869731250350725,1.4268859027816843,4.458394625007022,-2.6999999999999886,2.064071585651408,1.2768859027816841,11.46050312291198,-5.329532484374965,3.7777777777777777,3.0,4,4,1,ZEEL.BO,BSE
9,5,4,55.55555555555556,1.1888940379579083,2.2950463416211035,1.3388940379579084,4.300009268324226,-2.69999999999999,1.9907450316315938,1.1888940379579083,10.604249854045777,-5.329532484374977,4.111111111111111,3.0,4,4,1,ZEEL.NS,NSE
2,1,1,50.0,1.0518750000000037,1.0518750000000037,1.2018750000000038,4.802500000000007,-2.69875,1.779527559055121,1.0518750000000037,1.9741425312499894,0.0,1.5,1.5,1,1,0,TENNIND.BO,BSE
2,1,1,50.0,1.0506250000000117,1.0506250000000117,1.2006250000000118,4.8025,-2.701249999999977,1.7778806108283356,1.0506250000000117,1.971522468750031,-2.701249999999966,2.0,2.0,1,1,0,PINELABS.BO,BSE
4,2,2,50.0,1.0500000000000123,1.049375000000005,1.2000000000000122,4.8000000000000105,-2.699999999999986,1.777777777777791,1.0500000000000123,3.9796246852685124,-2.701249999999955,14.5,12.5,2,2,0,TATASTEEL.NS,NSE
4,2,2,50.0,1.0500000000000096,1.0493750000000064,1.2000000000000097,4.800000000000009,-2.6999999999999895,1.777777777777788,1.0500000000000096,3.979624685268468,-5.3271000156249855,12.0,11.0,2,2,0,500470.BO,BSE
4,2,2,50.0,1.0500000000000034,1.049375000000005,1.2000000000000033,4.800000000000006,-2.6999999999999993,1.7777777777777806,1.0500000000000034,3.979624685268446,-2.6987500000000053,4.0,2.0,2,2,0,JINDWORLD.NS,NSE
2,1,1,50.0,1.049375000000016,1.049375000000016,1.199375000000016,4.797500000000018,-2.698749999999986,1.7776748494673618,1.049375000000016,1.9692774687500192,-2.698749999999994,6.0,6.0,1,1,0,ADANIPOWER.NS,NSE
2,1,1,50.0,1.0493750000000128,1.0493750000000128,1.199375000000013,4.797500000000012,-2.698749999999986,1.7776748494673595,1.0493750000000128,1.9692774687500192,-2.698749999999994,6.0,6.0,1,1,0,ADANIPOWER.BO,BSE
4,2,2,50.0,1.0493750000000093,1.0493750000000122,1.1993750000000094,4.797500000000012,-2.6987499999999933,1.7776748494673549,1.0493750000000093,3.9773354749893075,-5.324667484374979,1.5,1.5,2,2,0,ASTERDM.BO,BSE
4,2,2,50.0,1.049375000000007,1.0493750000000068,1.1993750000000072,4.797500000000011,-2.698749999999997,1.7776748494673522,1.049375000000007,3.9773354749893075,-2.698749999999994,7.0,7.5,2,2,0,SAIL.NS,NSE
6,3,3,50.0,1.0493750000000068,1.0493750000000095,1.1993750000000072,4.797500000000006,-2.6987499999999915,1.7776748494673535,1.0493750000000068,6.024937715104883,-5.324667484374979,2.0,2.0,3,3,0,SHUKRAPHAR.BO,BSE
4,2,2,50.0,1.048750000000012,1.049375000000005,1.1987500000000124,4.797500000000015,-2.6999999999999913,1.7768518518518632,1.048750000000012,3.9746639436504028,-2.7012499999999884,1.5,1.5,2,2,0,GROWW.NS,NSE
9,4,5,44.44444444444444,0.6329166666666755,-2.698749999999983,0.7829166666666754,4.800000000000007,-2.70074999999999,1.4218272702027288,0.6329166666666755,5.194393321043456,-7.884451726452902,5.888888888888889,4.0,4,5,0,JIOFIN.BO,BSE
7,3,4,42.857142857142854,0.5153571428571585,-2.698749999999989,0.6653571428571584,4.802500000000016,-2.699999999999985,1.3340277777777896,0.5153571428571585,3.1730546086599087,-5.3246674843749675,3.4285714285714284,2.0,3,4,0,INOXWIND.NS,NSE
7,3,4,42.857142857142854,0.5146428571428736,-2.7012499999999773,0.6646428571428737,4.802500000000015,-2.7012499999999826,1.333410458121253,0.5146428571428736,3.1677529435129914,-7.886818488140768,8.285714285714286,7.0,3,4,0,ITC.NS,NSE
7,3,4,42.857142857142854,0.5128571428571529,-2.6987500000000018,0.6628571428571531,4.797500000000007,-2.700624999999988,1.332330479055782,0.5128571428571529,3.1556380424987207,-5.3271000156249855,4.714285714285714,4.0,3,4,0,UJJIVANSFB.BO,BSE
5,2,3,40.0,0.3007500000000082,-2.698750000000005,0.4507500000000085,4.802500000000004,-2.7004166666666554,1.1856195031630978,0.3007500000000082,1.175702043331639,-5.327100015624975,5.6,5.0,2,3,0,CANBK.NS,NSE
5,2,3,40.0,0.3002500000000034,-2.6987499999999938,0.4502500000000035,4.800000000000007,-2.6995833333333326,1.185368112363021,0.3002500000000034,1.1734745640747724,-7.882084903953334,6.2,3.0,2,3,0,GMRAIRPORT.BO,BSE
5,2,3,40.0,0.300250000000001,-2.698749999999994,0.45025000000000126,4.8,-2.6995833333333317,1.1853681123630195,0.300250000000001,1.1734745640747501,-7.882084903953313,3.0,3.0,2,3,0,TFCILTD.BO,BSE
10,4,6,40.0,0.299500000000012,-2.699999999999984,0.449500000000012,4.800000000000011,-2.700833333333321,1.1848195001542814,0.299500000000012,2.3528297714587643,-8.60570106949945,5.2,4.0,4,6,0,JIOFIN.NS,NSE
5,2,3,40.0,0.2992500000000094,-2.698749999999997,0.4492500000000095,4.7975000000000145,-2.6995833333333272,1.1847507331378362,0.2992500000000094,1.1686477004711593,-2.698749999999994,4.8,4.0,2,3,0,LICI.NS,NSE
5,2,3,40.0,0.2987500000000137,-2.698749999999999,0.44875000000001386,4.797500000000017,-2.700416666666655,1.1843851257522082,0.2987500000000137,1.1660483338725935,-5.3271000156249855,2.8,1.0,2,3,0,LLOYDSENGG.BO,BSE
5,2,3,40.0,0.29825000000000657,-2.701249999999986,0.44825000000000664,4.797500000000005,-2.7012499999999924,1.1840197439457087,0.29825000000000657,1.1634490340605375,-5.3295324843749885,5.6,6.0,2,3,0,MOREPENLAB.NS,NSE
8,3,5,37.5,0.11265625000000534,-2.698749999999995,0.2626562500000053,4.799166666666674,-2.699249999999996,1.0667778086505544,0.11265625000000534,0.3816723291977464,-5.3271000156249855,2.625,2.5,3,5,0,EPL.BO,BSE
8,3,5,37.5,0.11234375000000452,-2.6987500000000004,0.2623437500000047,4.799166666666676,-2.699749999999998,1.066580238911013,0.11234375000000452,0.3790931826726407,-6.0680275572846165,3.25,2.0,3,5,0,IDBI.NS,NSE
8,3,5,37.5,0.11234375000000435,-2.698749999999997,0.2623437500000044,4.799166666666672,-2.6997499999999954,1.066580238911013,0.11234375000000435,0.3790931826726185,-7.882084903953334,5.25,2.5,3,5,0,ASHOKLEY.NS,NSE
6,2,4,33.33333333333333,-0.1995833333333227,-2.6999999999999886,-0.049583333333322654,4.802500000000006,-2.700624999999987,0.8891460310113454,-0.1995833333333227,-1.5573066081138398,-7.884451726452902,5.166666666666667,4.0,2,4,0,500209.BO,BSE
6,2,4,33.33333333333333,-0.19999999999999027,-2.698749999999996,-0.04999999999999005,4.800000000000008,-2.699999999999989,0.888888888888894,-0.19999999999999027,-1.5594739175872507,-10.370420085485232,5.5,4.0,2,4,0,GMRAIRPORT.NS,NSE
3,1,2,33.33333333333333,-0.2008333333333181,-2.6987499999999955,-0.050833333333318485,4.797500000000015,-2.699999999999985,0.8884259259259337,-0.2008333333333181,-0.7851676388745621,-2.7012499999999773,2.3333333333333335,1.0,1,2,0,IXIGO.BO,BSE
3,1,2,33.33333333333333,-0.2008333333333184,-2.6987499999999907,-0.050833333333318485,4.797500000000019,-2.699999999999987,0.8884259259259337,-0.2008333333333184,-0.7851676388745732,-2.698749999999994,5.666666666666667,5.0,1,2,0,IDFCFIRSTB.NS,NSE
6,2,4,33.33333333333333,-0.20083333333331935,-2.701249999999983,-0.05083333333331944,4.800000000000011,-2.701249999999985,0.8884775566867262,-0.20083333333331935,-1.5645323963552893,-5.329532484374977,2.1666666666666665,2.0,2,4,0,VEDL.BO,BSE
6,2,4,33.33333333333333,-0.20083333333332196,-2.6987499999999986,-0.05083333333332233,4.79750000000001,-2.6999999999999877,0.8884259259259318,-0.20083333333332196,-1.5641703955377895,-10.370420085485232,2.3333333333333335,2.5,2,4,0,SAMMAANCAP.BO,BSE
6,2,4,33.33333333333333,-0.20083333333332556,-2.7012499999999893,-0.050833333333325736,4.800000000000013,-2.701249999999995,0.8884775566867231,-0.20083333333332556,-1.5645323963553448,-5.3295324843749885,5.333333333333333,4.5,2,4,0,500325.BO,BSE
3,1,2,33.33333333333333,-0.20083333333332862,-2.698750000000009,-0.050833333333328845,4.79750000000001,-2.699999999999998,0.8884259259259285,-0.20083333333332862,-0.7851676388745954,-2.7012499999999884,15.0,19.0,1,2,0,500112.BO,BSE
10,3,7,30.0,-0.44962499999999406,-2.698750000000002,-0.2996249999999939,4.80083333333334,-2.699821428571423,0.7620874396454819,-0.44962499999999406,-4.963667437933883,-11.06763482081654,3.5,2.5,3,7,0,PFC.BO,BSE
10,3,7,30.0,-0.44987499999999114,-2.6987499999999915,-0.29987499999999107,4.799166666666679,-2.699464285714278,0.7619236621022731,-0.44987499999999114,-4.965759753135568,-7.88208490395329,4.9,3.5,3,7,0,NMDC.NS,NSE
10,3,7,30.0,-0.4498749999999931,-2.6987499999999924,-0.2998749999999931,4.799166666666676,-2.6994642857142805,0.761923662102272,-0.4498749999999931,-4.965759753135568,-7.882084903953313,5.4,3.5,3,7,0,NMDC.BO,BSE
7,2,5,28.57142857142857,-0.5569642857142727,-2.6987499999999893,-0.406964285714273,4.800000000000012,-2.6997499999999865,0.7111769608297117,-0.5569642857142727,-4.216137615236326,-8.605364962893391,2.5714285714285716,1.0,2,5,0,CUPID.BO,BSE
7,2,5,28.57142857142857,-0.5569642857142815,-2.698750000000006,-0.40696428571428206,4.80000000000001,-2.699749999999998,0.7111769608297084,-0.5569642857142815,-4.216137615236393,-7.882084903953324,3.0,2.0,2,5,0,SBFC.BO,BSE
4,1,3,25.0,-0.8240624999999903,-2.6987499999999978,-0.6740624999999902,4.8025,-2.6995833333333206,0.5929927457941069,-0.8240624999999903,-3.458122031465638,-7.882084903953279,1.5,1.0,1,3,0,HFCL.NS,NSE
4,1,3,25.0,-0.8240624999999991,-2.698749999999996,-0.6740624999999992,4.802500000000001,-2.6995833333333326,0.5929927457941043,-0.8240624999999991,-3.4581220314656935,-5.327100015625009,5.25,4.5,1,3,0,TFCILTD.NS,NSE
8,2,6,25.0,-0.8249999999999915,-2.698750000000004,-0.6749999999999914,4.80000000000001,-2.6999999999999917,0.5925925925925957,-0.8249999999999915,-6.803499197904783,-10.370420085485243,3.875,3.0,2,6,0,JSWENERGY.BO,BSE
4,1,3,25.0,-0.8253124999999918,-2.698749999999996,-0.675312499999992,4.797500000000004,-2.6995833333333237,0.5923753665689175,-0.8253124999999918,-3.4627279272204436,-2.7012499999999773,1.25,1.0,1,3,0,GROWW.BO,BSE
4,1,3,25.0,-0.8253124999999933,-2.6987499999999973,-0.6753124999999934,4.797500000000013,-2.699583333333328,0.5923753665689176,-0.8253124999999933,-3.4627279272204547,-5.324667484375,2.25,1.5,1,3,0,MAHABANK.BO,BSE
4,1,3,25.0,-0.8259374999999864,-2.699999999999986,-0.6759374999999865,4.797500000000015,-2.7004166666666536,0.5921925628761041,-0.8259374999999864,-3.465208298029454,-5.329532484374965,2.5,1.0,1,3,0,VIYASH.BO,BSE
4,1,3,25.0,-0.8259374999999928,-2.699999999999993,-0.6759374999999931,4.797500000000011,-2.7004166666666607,0.592192562876102,-0.8259374999999928,-3.4652082980294874,-2.7012499999999995,5.0,4.5,1,3,0,IDFCFIRSTB.BO,BSE
9,2,7,22.22222222222222,-1.0329166666666558,-2.6987499999999938,-0.8829166666666557,4.802500000000007,-2.7001785714285593,0.508167449242778,-1.0329166666666558,-9.316643283000714,-12.789298373428192,3.111111111111111,3.0,2,7,0,ICICIPRULI.BO,BSE
5,1,4,20.0,-1.1984999999999972,-2.698749999999998,-1.0484999999999975,4.802500000000006,-2.698749999999998,0.4448818897637804,-1.1984999999999972,-6.061132354178467,-5.32466748437499,2.4,1.0,1,4,0,FCL.NS,NSE
5,1,4,20.0,-1.199499999999987,-2.6987499999999924,-1.049499999999987,4.802500000000008,-2.6999999999999855,0.4446759259259291,-1.199499999999987,-6.065959510090657,-5.327100015624975,3.0,2.0,1,4,0,ETERNAL.NS,NSE
5,1,4,20.0,-1.199499999999989,-2.6987499999999995,-1.049499999999989,4.802500000000007,-2.6999999999999877,0.44467592592592864,-1.199499999999989,-6.065959510090668,-5.3271000156249855,3.0,2.0,1,4,0,ETERNAL.BO,BSE
5,1,4,20.0,-1.1999999999999926,-2.698749999999998,-1.0499999999999927,4.797500000000007,-2.6993749999999928,0.44431581384579955,-1.1999999999999926,-6.068027557284584,-7.88208490395329,5.8,6.0,1,4,0,500034.BO,BSE
5,1,4,20.0,-1.1999999999999926,-2.6987499999999915,-1.0499999999999932,4.797500000000017,-2.699374999999995,0.44431581384580005,-1.1999999999999926,-6.068027557284594,-7.879718020640425,2.6,2.0,1,4,0,MOTHERSON.NS,NSE
5,1,4,20.0,-1.199999999999998,-2.698750000000001,-1.0499999999999978,4.797499999999999,-2.699374999999997,0.44431581384579805,-1.199999999999998,-6.0680275572846165,-7.879718020640447,2.6,2.0,1,4,0,MOTHERSON.BO,BSE
6,1,5,16.666666666666664,-1.4493749999999979,-2.6987500000000013,-1.2993749999999977,4.802500000000005,-2.699749999999998,0.3557736827484032,-1.4493749999999979,-8.601004427812132,-7.882084903953313,3.0,3.0,1,5,0,PNB.NS,NSE
6,1,5,16.666666666666664,-1.4514583333333153,-2.7012499999999777,-1.3014583333333156,4.797500000000011,-2.7012499999999804,0.35520592318371463,-1.4514583333333153,-8.612409498818007,-7.886818488140768,2.8333333333333335,3.0,1,5,0,VEDL.NS,NSE
7,1,6,14.285714285714285,-1.6278571428571367,-2.698749999999998,-1.4778571428571372,4.802500000000003,-2.6995833333333272,0.2964963728970529,-1.6278571428571367,-11.06763482081653,-10.368117137607868,2.2857142857142856,1.0,1,6,0,CGCL.BO,BSE
8,1,7,12.5,-1.7626562499999905,-2.698750000000002,-1.6126562499999908,4.79750000000001,-2.6998214285714193,0.25385276804021567,-1.7626562499999905,-13.47404858023551,-11.071877675957332,2.5,1.0,1,7,0,CUPID.NS,NSE
2,0,2,0.0,-2.6987499999999898,-2.6987499999999898,-2.54874999999999,0.0,-2.6987499999999898,0.0,-2.6987499999999898,-5.324667484374979,-2.698749999999983,2.0,2.0,0,2,0,SWIGGY.NS,NSE
2,0,2,0.0,-2.6987499999999924,-2.6987499999999924,-2.548749999999993,0.0,-2.6987499999999924,0.0,-2.6987499999999924,-5.324667484374979,-2.698749999999983,2.5,2.5,0,2,0,RUBICON.BO,BSE
2,0,2,0.0,-2.698749999999995,-2.698749999999995,-2.5487499999999956,0.0,-2.698749999999995,0.0,-2.698749999999995,-5.32466748437499,-2.698749999999994,1.5,1.5,0,2,0,WELSPUNLIV.BO,BSE
2,0,2,0.0,-2.698749999999997,-2.698749999999997,-2.5487499999999974,0.0,-2.698749999999997,0.0,-2.698749999999997,-5.32466748437499,-2.698749999999994,1.5,1.5,0,2,0,SWIGGY.BO,BSE
1,0,1,0.0,-2.698749999999997,-2.698749999999997,-2.548749999999997,0.0,-2.698749999999997,0.0,-2.698749999999997,-2.698749999999994,0.0,1.0,1.0,0,1,0,SHADOWFAX.BO,BSE
2,0,2,0.0,-2.698749999999998,-2.698749999999998,-2.5487499999999983,0.0,-2.698749999999998,0.0,-2.698749999999998,-5.32466748437499,-2.698749999999983,3.0,3.0,0,2,0,LENSKART.BO,BSE
2,0,2,0.0,-2.6987500000000013,-2.6987500000000013,-2.548750000000002,0.0,-2.6987500000000013,0.0,-2.6987500000000013,-5.324667484375012,-2.6987500000000053,2.0,2.0,0,2,0,NORTHARC.BO,BSE
4,0,4,0.0,-2.699374999999993,-2.698749999999995,-2.5493749999999933,0.0,-2.699374999999993,0.0,-2.699374999999993,-10.368117137607857,-7.879718020640414,1.5,1.5,0,4,0,IFCI.NS,NSE
3,0,3,0.0,-2.6995833333333334,-2.6987500000000035,-2.549583333333334,0.0,-2.6995833333333334,0.0,-2.6995833333333334,-7.882084903953334,-5.324667484375012,1.3333333333333333,1.0,0,3,0,MAHABANK.NS,NSE
2,0,2,0.0,-2.6999999999999895,-2.6999999999999895,-2.549999999999989,0.0,-2.6999999999999895,0.0,-2.6999999999999895,-5.3271000156249855,-2.698749999999994,1.0,1.0,0,2,0,URBANCO.NS,NSE
2,0,2,0.0,-2.699999999999993,-2.699999999999993,-2.5499999999999936,0.0,-2.699999999999993,0.0,-2.699999999999993,-5.3271000156249855,-2.698749999999994,1.0,1.0,0,2,0,URBANCO.BO,BSE
9,0,9,0.0,-2.700138888888879,-2.7012499999999795,-2.5501388888888794,0.0,-2.700138888888879,0.0,-2.700138888888879,-21.835422857001706,-19.66538404347612,6.888888888888889,6.0,0,9,0,COALINDIA.BO,BSE
3,0,3,0.0,-2.7004166666666634,-2.701249999999985,-2.550416666666664,0.0,-2.7004166666666634,0.0,-2.7004166666666634,-7.884451726452923,-5.327100015625009,2.0,2.0,0,3,0,HINDCOPPER.NS,NSE
3,0,3,0.0,-2.700416666666667,-2.7012499999999897,-2.5504166666666674,0.0,-2.700416666666667,0.0,-2.700416666666667,-7.884451726452923,-5.327100015624997,2.0,2.0,0,3,0,HINDCOPPER.BO,BSE
