trades,wins,losses,win_rate_pct,avg_net_pct,avg_gross_pct,avg_winner_pct,avg_loser_pct,profit_factor,compounded_return_pct,max_drawdown_pct,avg_holding_days,target_exits,stop_exits,time_exits,variant,period,direction
33,11,22,33.33333333333333,-0.20424413931703225,-0.054244139317032314,4.68726758204891,-2.650000000000004,0.8843901098205477,-8.343076377876313,-20.353198495537683,3.727272727272727,10,22,1,CURRENT,PERIOD_1,LONG
79,28,51,35.44303797468354,0.06473333283127522,0.2147333328312753,4.812176723934804,-2.541706176009878,1.0394511382877842,0.19654193158549216,-25.64581252342184,3.430379746835443,24,50,5,CURRENT,PERIOD_1,SHORT
49,15,34,30.612244897959183,-0.46684642949514193,-0.316846429495142,4.481634996982543,-2.6500000000000035,0.7461101548805555,-22.583597704448078,-29.917792573372772,3.489795918367347,12,34,3,EMA_MACD,PERIOD_1,LONG
117,45,72,38.46153846153847,0.25043791484531025,0.40043791484531016,4.739950293522817,-2.5555073218281317,1.1592488537002121,24.30848703446282,-27.94583917614908,3.5213675213675213,39,71,7,EMA_MACD,PERIOD_1,SHORT
79,31,48,39.24050632911392,0.08612254320434795,0.23612254320434797,4.031679552468713,-2.462049691945555,1.0575712800683352,2.5510310025338434,-23.26674603454606,5.291139240506329,22,43,14,CURRENT,PERIOD_2,LONG
29,5,24,17.24137931034483,-1.2245215181695803,-1.0745215181695802,4.6788068715119255,-2.4543815993532276,0.3971474655048948,-30.803197487099432,-30.63469307072365,5.206896551724138,4,22,3,CURRENT,PERIOD_2,SHORT
29,11,18,37.93103448275862,0.1832246940951713,0.3332246940951712,4.114942906051388,-2.2194919909891837,1.133001309166744,3.8812694880374643,-19.83324302357853,6.724137931034483,8,14,7,CURRENT_REGIME,PERIOD_2,LONG
19,4,15,21.052631578947366,-0.9710848880106697,-0.8210848880106695,4.570219115705698,-2.448765955668368,0.4976894973161614,-17.593828605291726,-25.62146933065418,6.052631578947368,3,14,2,CURRENT_REGIME,PERIOD_2,SHORT
110,39,71,35.45454545454545,-0.04952304862341361,0.1004769513765863,4.298486806751195,-2.4378664903080587,0.9685274602670131,-10.852717119315825,-32.108213872464816,4.945454545454545,31,63,16,EMA_MACD,PERIOD_2,LONG
48,13,35,27.083333333333332,-0.6439255804894835,-0.4939255804894834,4.102718181756234,-2.40696469218075,0.6331072317654546,-28.276037334810177,-34.91555007256565,5.125,9,31,8,EMA_MACD,PERIOD_2,SHORT
41,13,28,31.70731707317073,-0.1932326941793323,-0.04323269417933218,4.346112283527962,-2.300785719543434,0.8770211970561581,-9.55238159840981,-26.96407717900666,5.7317073170731705,11,23,7,EMA_MACD_REGIME,PERIOD_2,LONG
19,6,13,31.57894736842105,-0.4269268449843037,-0.2769268449843035,3.737177029857658,-2.348820941065209,0.734347564218815,-8.593057845109275,-20.04175339865597,7.684210526315789,3,11,5,EMA_MACD_REGIME,PERIOD_2,SHORT
51,9,42,17.647058823529413,-1.4748907254225003,-1.3248907254224997,4.008952555939178,-2.6500000000000026,0.3241740611271569,-53.94343721039251,-58.7226342627639,3.0784313725490198,7,42,2,CURRENT,PERIOD_3,LONG
54,26,28,48.148148148148145,0.9466569983596683,1.0966569983596683,4.724421996261508,-2.561267642549183,1.7128093953807046,60.41317967793607,-19.38889903931782,4.333333333333333,22,27,5,CURRENT,PERIOD_3,SHORT
37,8,29,21.62162162162162,-1.2329574863931758,-1.0829574863931757,3.9038216254315747,-2.650000000000004,0.40638351338259665,-37.718987763513866,-44.18176336096869,3.2432432432432434,6,29,2,CURRENT_REGIME,PERIOD_3,LONG
51,23,28,45.09803921568628,0.701568710337481,0.8515687103374812,4.673717313851681,-2.561267642549183,1.4989159557558598,38.12388851599386,-19.38889903931782,4.333333333333333,19,27,5,CURRENT_REGIME,PERIOD_3,SHORT
81,27,54,33.33333333333333,-0.31782596806741475,-0.16782596806741468,4.259622042800585,-2.606549973501414,0.8170996309498291,-26.12484235808238,-44.46435801490145,3.728395061728395,23,53,5,EMA_MACD,PERIOD_3,LONG
91,42,49,46.15384615384615,0.7937056161556072,0.9437056161556076,4.740223956955026,-2.5890243902438943,1.5693359712145079,93.00064476697196,-38.44967493306291,3.857142857142857,37,49,5,EMA_MACD,PERIOD_3,SHORT
55,20,35,36.36363636363637,-0.16988915297201063,-0.019889152972010538,4.052989757780788,-2.5829628162593234,0.8966424652823134,-11.664307957137488,-33.593652800346305,4.1454545454545455,16,34,5,EMA_MACD_REGIME,PERIOD_3,LONG
73,32,41,43.83561643835616,0.5727099622567524,0.7227099622567527,4.623682101398206,-2.589024390243894,1.393856121005587,44.58551251327165,-38.44967493306291,4.136986301369863,27,41,5,EMA_MACD_REGIME,PERIOD_3,SHORT
71,35,36,49.29577464788733,0.9988149966780632,1.1488149966780634,4.751881850404075,-2.650000000000005,1.743352880127278,92.9865721780882,-21.969579155721732,2.7183098591549295,34,36,1,CURRENT,PERIOD_4,LONG
39,17,22,43.58974358974359,0.36295584185695723,0.5129558418569575,4.0486021193200425,-2.4850435543645175,1.258917683163124,12.62457614534811,-19.349162158360443,4.948717948717949,11,21,7,CURRENT,PERIOD_4,SHORT
46,26,20,56.52173913043478,1.5144753209596196,1.6644753209596193,4.717917875543947,-2.6500000000000057,2.3144502785687235,93.65819753224775,-17.13870984735553,3.108695652173913,25,20,1,CURRENT_REGIME,PERIOD_4,LONG
26,10,16,38.46153846153847,0.2545323539834782,0.40453235398347837,4.575465305812647,-2.446050740909752,1.1690950511800575,5.165393874982005,-12.51928283652628,4.653846153846154,8,15,3,CURRENT_REGIME,PERIOD_4,SHORT
110,51,59,46.36363636363636,0.7960533160376587,0.9460533160376583,4.78266401498319,-2.650000000000005,1.56006309411028,121.99798563786244,-28.71414379755689,3.1454545454545455,50,59,1,EMA_MACD,PERIOD_4,LONG
68,22,46,32.35294117647059,-0.3023670788379264,-0.15236707883792613,4.300431702576784,-2.503705626471049,0.8214736524273988,-21.524789192942194,-34.13090681445519,4.911764705882353,16,44,8,EMA_MACD,PERIOD_4,SHORT
73,39,34,53.42465753424658,1.309806366632089,1.4598063666320886,4.761945250362631,-2.6500000000000057,2.0612193647518557,146.10980695057134,-30.36170665215443,3.5753424657534247,38,34,1,EMA_MACD_REGIME,PERIOD_4,LONG
40,12,28,30.0,-0.34812851620181046,-0.1981285162018101,4.880628523229715,-2.5890243902438925,0.8079097077683296,-15.038657987666049,-28.552812779285098,5.025,11,28,1,EMA_MACD_REGIME,PERIOD_4,SHORT
